transactionid,saledate,customerid,productid,storeid,campaignid,saleamount,itemspurchased,storecreditcard
1,5/4/2025,1034,2059,402,,2048.2,7,Y
2,5/4/2025,1066,2048,403,,321.87,4,N
3,5/4/2025,1116,2041,403,,3216.84,11,N
4,5/4/2025,1071,2096,404,,1613.23,8,N
5,5/4/2025,1020,2060,401,,408.38,5,N
6,5/4/2025,1089,2028,401,,1275.88,7,Y
7,5/4/2025,1193,2003,402,,346.66,10,N
8,5/4/2025,1005,2079,402,,855.49,3,Y
9,5/4/2025,1032,2060,401,,735.08,7,N
10,5/4/2025,1119,2089,403,,661.63,11,Y
11,5/4/2025,1042,2077,401,UNKNOWN,505.65,11,N
12,5/4/2025,1079,2013,401,,0,8,Y
13,5/4/2025,1147,2086,404,,4470.5,5,N
14,5/4/2025,1183,2025,401,,503.32,4,N
15,5/4/2025,1026,2089,403,,413.52,8,N
16,5/4/2025,1144,2005,403,,1715.12,8,N
17,5/4/2025,1169,2047,401,,535.97,3,N
18,5/4/2025,1003,2053,404,,3660.9,6,N
19,5/4/2025,1110,2046,404,,30.09,5,N
20,5/4/2025,1111,2022,403,,671.18,2,N
21,5/4/2025,1119,2055,403,,?,8,N
22,5/4/2025,1062,2011,403,,1229.22,12,N
23,5/4/2025,1062,2096,404,,672.18,6,Y
24,5/4/2025,1086,2003,404,,924.43,2,N
25,5/4/2025,1046,2062,402,,1981.95,12,N
26,5/4/2025,1066,2043,403,,698.76,5,N
27,5/4/2025,1142,2001,402,,1237.05,1,N
28,5/4/2025,1061,2092,404,,482.21,12,N
29,5/4/2025,1142,2097,402,,4210.5,10,N
30,5/4/2025,1165,2091,404,,4528.95,6,N
31,2023-13-01,1004,2011,403,,737.53,12,N
32,5/4/2025,1103,2088,402,,0,9,N
33,5/4/2025,1169,2074,403,,0,1,N
34,5/4/2025,1141,2067,403,,872.85,11,N
35,5/4/2025,1190,2070,403,,54.69,11,Y
36,5/4/2025,1179,2058,403,,1066.8,10,N
37,5/4/2025,1064,2029,401,,12.16,12,N
38,5/4/2025,1080,2015,402,,3037.36,12,N
39,5/4/2025,1055,2094,404,,1578.72,3,N
40,5/4/2025,1185,2075,403,,0,12,N
41,5/4/2025,9999,2037,402,,288.11,7,N
42,5/4/2025,1045,2038,401,,1667.72,4,N
43,5/4/2025,1070,2005,401,,686.05,9,Y
44,5/4/2025,1178,2016,404,,0,3,N
45,5/4/2025,1003,2073,403,,1498.29,5,Y
46,5/4/2025,1122,2056,403,,944.5,3,N
47,5/4/2025,1013,2032,404,,2836.8,7,N
48,5/4/2025,1016,2051,404,,117.32,5,N
49,5/4/2025,1147,2080,401,,0,9,N
50,5/4/2025,1038,2072,403,,840.6,7,Y
51,5/4/2025,1063,2015,404,,1214.95,2,N
52,5/4/2025,1198,2066,404,,516.06,4,N
53,5/4/2025,1113,2038,404,,2223.62,9,N
54,5/4/2025,1145,2079,401,,1901.08,12,N
55,5/4/2025,1195,2026,402,,507.74,2,Y
56,5/4/2025,1169,2010,402,,140.11,10,N
57,5/4/2025,1044,2070,401,,0,9,N
58,5/4/2025,1000,2052,404,,2193.78,10,N
59,5/4/2025,1074,2004,402,,741.8,5,Y
60,5/4/2025,1180,2036,404,,217.98,2,Y
61,5/4/2025,1175,2029,403,,36.48,4,N
62,5/4/2025,1108,2014,402,,221.67,12,N
63,5/4/2025,1068,2018,401,,2169.04,12,N
64,5/4/2025,1042,2039,403,,2929.32,7,N
65,5/4/2025,1031,2059,403,,0,12,N
66,5/4/2025,1069,2064,404,,1470.2,8,Y
67,5/4/2025,1020,2076,401,,4836.42,3,N
68,5/4/2025,1188,2041,403,,1608.42,1,N
69,5/4/2025,1023,2029,401,,0,4,N
70,5/4/2025,1147,2005,402,,0,2,N
71,5/4/2025,1132,2083,404,,614.53,8,N
72,5/4/2025,1046,2074,404,,659.5,4,N
73,5/4/2025,1023,2060,403,,1225.14,2,N
74,5/4/2025,1085,2041,401,,1447.58,6,N
75,5/4/2025,1084,2052,404,,2925.04,6,N
76,5/4/2025,1169,2051,401,,117.32,10,N
77,5/4/2025,1022,2040,403,,55.26,4,N
78,5/4/2025,1029,2098,404,,3631.44,6,N
79,5/4/2025,1168,2069,404,,232.39,2,N
80,5/4/2025,1013,2024,403,,372.81,10,N
81,5/4/2025,1160,2056,401,,472.25,12,N
82,5/4/2025,1068,2070,402,,109.38,2,Y
83,5/4/2025,1112,2089,404,,2067.6,10,N
84,5/4/2025,1007,2080,402,,1498.07,4,Y
85,5/4/2025,1079,2070,401,,34.18,8,Y
86,5/4/2025,1023,2028,401,,2551.76,7,Y
87,5/4/2025,1030,2082,402,,799.8,12,N
88,5/4/2025,1183,2037,403,,2160.84,9,Y
89,5/4/2025,1123,2060,402,,2450.28,8,Y
90,5/4/2025,1141,2018,404,,2440.17,5,Y
91,5/4/2025,1153,2065,402,,470.34,2,Y
92,5/4/2025,1070,2098,404,,0,5,N
93,5/4/2025,1129,2034,401,,108.94,8,N
94,5/4/2025,1185,2038,404,,1667.72,10,N
95,5/4/2025,1114,2068,404,,656.19,9,N
96,5/4/2025,1085,2070,404,,0,12,N
97,5/4/2025,1082,2024,402,,372.81,12,Y
98,5/4/2025,1059,2099,404,,1292.64,12,N
99,5/4/2025,1081,2095,404,,490.79,9,N
100,5/4/2025,1098,2084,402,,0,1,N
101,5/4/2025,1009,2016,403,,969.06,9,N
102,5/4/2025,1112,2012,404,,1869.57,7,N
103,5/4/2025,1184,2018,404,,488.03,9,N
104,5/4/2025,1019,2060,403,,0,8,N
105,5/4/2025,1159,2088,404,,0,1,Y
106,5/4/2025,1084,2086,404,,2861.12,12,Y
107,5/4/2025,1160,2091,404,,905.79,8,Y
108,5/4/2025,1158,2008,402,,159.82,8,N
109,5/4/2025,1058,2095,401,,2453.95,11,N
110,5/4/2025,1025,2097,401,,842.1,3,Y
111,5/4/2025,1042,2088,403,,709.35,1,Y
112,5/4/2025,1011,2041,401,,0,8,N
113,5/4/2025,1091,2047,404,,0,3,Y
114,5/4/2025,1062,2067,404,,0,3,Y
115,5/4/2025,1043,2022,401,,2684.72,1,N
116,5/4/2025,1158,2087,402,,477.96,11,N
117,5/4/2025,1149,2018,402,,1626.78,5,N
118,5/4/2025,1163,2032,404,,756.48,10,N
119,5/4/2025,1170,2001,404,,659.76,7,N
120,5/4/2025,1173,2069,402,,464.78,10,Y
121,5/4/2025,1113,2044,403,,0,9,Y
122,5/4/2025,1176,2032,404,,756.48,12,N
123,5/4/2025,1050,2049,404,,2819.52,7,N
124,5/4/2025,1060,2048,403,,1144.42,9,N
125,5/4/2025,1179,2037,401,,1440.56,8,Y
126,5/4/2025,1070,2001,401,,0,12,N
127,5/4/2025,1073,2099,402,,0,2,N
128,5/4/2025,1056,2081,402,,0,1,N
129,5/4/2025,1173,2096,402,,672.18,7,N
130,5/4/2025,1160,2082,401,,426.56,7,N
131,5/4/2025,1112,2004,403,,1669.05,8,N
132,5/4/2025,1023,2037,403,,2160.84,5,N
133,5/4/2025,1044,2025,402,,223.7,3,N
134,5/4/2025,1135,2064,403,,793.91,12,Y
135,5/4/2025,1065,2061,403,,639.74,8,N
136,5/4/2025,1029,2059,401,,921.69,6,N
137,5/4/2025,1193,2028,404,,1531.06,11,N
138,5/4/2025,1023,2050,401,,298.85,3,N
139,5/4/2025,1137,2015,404,,539.98,1,N
140,5/4/2025,1172,2095,403,,2453.95,3,Y
141,5/4/2025,1163,2047,401,,301.48,5,N
142,5/4/2025,1120,2003,403,,1039.99,3,Y
143,5/4/2025,1165,2008,404,,53.27,1,N
144,5/4/2025,1166,2052,401,,658.13,5,N
145,5/4/2025,1011,2004,403,,3709,10,N
146,5/4/2025,1029,2012,402,,0,7,N
147,5/4/2025,1099,2058,403,,666.75,7,N
148,5/4/2025,1150,2095,402,,490.79,11,N
149,5/4/2025,1167,2012,404,,0,9,N
150,5/4/2025,1071,2004,403,,834.52,10,N
151,5/4/2025,1113,2056,402,,839.55,10,N
152,5/4/2025,1025,2087,403,,0,12,N
153,5/4/2025,1015,2050,403,,504.31,3,N
154,5/4/2025,1031,2058,401,,2400.3,7,N
155,5/4/2025,1164,2081,401,,2984.88,1,N
156,5/4/2025,1085,2031,402,,508.77,4,N
157,5/4/2025,1017,2097,402,,757.89,4,N
158,5/4/2025,1059,2042,402,,0,5,N
159,5/4/2025,1070,2018,402,,0,7,N
160,5/4/2025,1044,2014,401,,886.68,7,N
161,5/4/2025,1003,2045,402,,499.42,11,N
162,5/4/2025,1004,2022,403,,671.18,4,N
163,5/4/2025,1032,2094,404,,493.35,7,Y
164,5/4/2025,1190,2008,404,,266.36,11,N
165,5/4/2025,1199,2046,401,,167.15,3,Y
166,5/4/2025,1128,2028,401,,2041.41,6,N
167,5/4/2025,1117,2082,401,,799.8,12,N
168,5/4/2025,1122,2051,404,,234.64,2,N
169,5/4/2025,1125,2091,404,,1811.58,10,N
170,5/4/2025,1020,2041,402,,0,9,N
171,5/4/2025,1032,2035,403,,4499.95,5,N
172,5/4/2025,1152,2067,403,,872.85,6,N
173,5/4/2025,1129,2077,404,,2809.15,12,N
174,5/4/2025,1179,2014,402,,738.9,12,Y
175,5/4/2025,1115,2029,404,,0,12,Y
176,5/4/2025,1116,2051,404,,351.96,12,N
177,5/4/2025,1080,2054,403,,3602.04,4,Y
178,5/4/2025,1095,2019,404,,933.93,11,N
179,5/4/2025,1023,2010,401,,0,10,N
180,5/4/2025,1024,2095,403,,3533.69,7,N
181,5/4/2025,1142,2007,403,,583.39,12,N
182,5/4/2025,1105,2045,404,,624.28,9,N
183,5/4/2025,1073,2076,403,,1934.57,7,N
184,5/4/2025,1026,2073,402,,1797.95,1,N
185,5/4/2025,1168,2061,402,,599.76,1,N
186,5/4/2025,1089,2071,403,,0,9,N
187,5/4/2025,1195,2035,402,,0,11,Y
188,5/4/2025,1143,2098,401,,2178.86,9,N
189,5/4/2025,1007,2023,403,,751.63,4,N
190,5/4/2025,1086,2044,401,,373.64,9,N
191,5/4/2025,1036,2072,404,,1260.9,3,Y
192,5/4/2025,1036,2094,401,,2466.75,7,N
193,5/4/2025,1191,2067,402,,872.85,6,Y
194,5/4/2025,1107,2058,403,,1800.22,8,Y
195,5/4/2025,1094,2039,403,,1952.88,11,N
196,5/4/2025,1013,2019,402,,0,9,N
197,5/4/2025,1172,2010,403,,0,5,N
198,5/4/2025,1169,2054,404,,900.51,1,N
199,5/4/2025,1106,2034,402,,136.17,3,N
200,5/4/2025,1088,2055,401,,129.46,10,N
201,5/4/2025,1173,2086,404,,715.28,12,Y
202,5/4/2025,1011,2028,404,,0,8,N
203,5/4/2025,1001,2026,403,,190.4,11,N
204,5/4/2025,1196,2017,403,,370.96,6,N
205,5/4/2025,1083,2015,401,,0,8,N
206,5/4/2025,1191,2055,402,,48.55,9,N
207,5/4/2025,1097,2068,402,,1312.38,4,Y
208,5/4/2025,1018,2050,401,,0,1,N
209,5/4/2025,1004,2058,401,,1066.8,1,N
210,5/4/2025,1147,2054,404,,2701.53,10,Y
211,5/4/2025,1074,2014,404,,738.9,4,N
212,5/4/2025,1083,2021,404,,668.33,12,N
213,5/4/2025,1022,2055,401,,97.09,7,Y
214,5/4/2025,1111,2075,404,,1561.28,2,N
215,5/4/2025,1101,2039,403,,2636.39,3,N
216,5/4/2025,1085,2099,402,,646.32,1,Y
217,5/4/2025,1130,2081,401,,1343.2,5,N
218,5/4/2025,1198,2044,403,,186.82,1,N
219,5/4/2025,1060,2013,402,,0,8,N
220,5/4/2025,1050,2022,402,,671.18,1,Y
221,5/4/2025,1045,2098,404,,907.86,11,Y
222,5/4/2025,1193,2072,404,,1681.2,1,N
223,5/4/2025,1160,2040,402,,138.16,2,N
224,5/4/2025,1017,2060,404,,0,2,N
225,5/4/2025,1070,2075,401,,624.51,12,N
226,5/4/2025,1129,2009,403,,198.93,6,N
227,5/4/2025,1115,2004,401,,2225.4,7,Y
228,5/4/2025,1073,2009,401,,66.31,5,N
229,5/4/2025,1118,2074,401,,659.5,1,N
230,5/4/2025,1146,2083,402,,614.53,1,N
231,5/4/2025,1154,2060,402,,408.38,3,N
232,5/4/2025,1115,2013,403,,2806.08,2,N
233,5/4/2025,1129,2082,402,,1066.4,5,N
234,5/4/2025,1063,2090,404,,71.64,12,N
235,5/4/2025,1134,2066,402,,1238.54,10,N
236,5/4/2025,1095,2036,404,,653.94,6,N
237,5/4/2025,1198,2043,401,,1397.52,7,N
238,5/4/2025,1016,2042,401,,0,4,N
239,5/4/2025,1072,2032,402,,1512.96,7,Y
240,5/4/2025,1020,2074,402,,527.6,11,N
241,5/4/2025,1079,2083,404,,691.34,8,Y
242,5/4/2025,1152,2090,401,,57.31,11,Y
243,5/4/2025,1143,2048,403,,0,1,N
244,5/4/2025,1171,2089,401,,1654.08,6,N
245,5/4/2025,1130,2046,401,,106.98,8,N
246,5/4/2025,1079,2023,402,,3006.53,5,Y
247,5/4/2025,1196,2062,402,,1114.85,4,N
248,5/4/2025,1035,2019,401,,0,2,Y
249,5/4/2025,1025,2064,401,,705.7,6,Y
250,5/4/2025,1196,2079,402,,2851.62,6,N
251,5/4/2025,1039,2020,402,,338.25,11,N
252,5/4/2025,1184,2056,401,,1574.16,1,N
253,5/4/2025,1093,2086,402,,3576.4,9,Y
254,5/4/2025,1156,2036,404,,392.36,12,Y
255,5/4/2025,1136,2030,403,,509.91,11,N
256,5/4/2025,1049,2047,404,,1674.9,6,N
257,5/4/2025,1196,2036,404,,0,3,N
258,5/4/2025,1041,2025,402,,671.09,4,N
259,5/4/2025,1013,2082,404,,1066.4,12,N
260,5/4/2025,1141,2013,401,,748.29,11,N
261,5/4/2025,1021,2097,402,,673.68,4,Y
262,5/4/2025,1115,2065,402,,1881.36,3,N
263,5/4/2025,1023,2028,404,,510.35,10,N
264,5/4/2025,1006,2053,401,,610.15,3,N
265,5/4/2025,1128,2047,402,,1004.94,3,N
266,5/4/2025,1020,2047,402,,669.96,4,N
267,5/4/2025,1081,2012,403,,1682.61,7,N
268,5/4/2025,1035,2004,403,,927.25,4,N
269,5/4/2025,1178,2017,404,,1854.8,9,N
270,5/4/2025,1157,2000,401,,1938.62,1,N
271,5/4/2025,1065,2027,402,,775.83,8,N
272,5/4/2025,1028,2099,403,,3490.13,7,N
273,5/4/2025,1077,2015,401,,1822.42,2,N
274,5/4/2025,1107,2081,404,,2238.66,8,N
275,5/4/2025,1028,2063,401,,994.43,1,N
276,5/4/2025,1183,2018,403,,2711.3,11,N
277,5/4/2025,1000,2078,403,,0,12,N
278,5/4/2025,1146,2053,402,,1220.3,9,Y
279,5/4/2025,1134,2046,401,,33.43,9,N
280,5/4/2025,1099,2060,401,,1633.52,2,N
281,5/4/2025,1095,2032,401,,1512.96,7,N
282,5/4/2025,1017,2044,402,,207.58,10,N
283,5/4/2025,1197,2074,403,,593.55,3,Y
284,5/4/2025,1011,2045,403,,842.78,7,N
285,5/4/2025,1199,2087,404,,159.32,12,Y
286,5/4/2025,1161,2023,402,,939.54,10,Y
287,5/4/2025,1183,2099,404,,1292.64,9,N
288,5/4/2025,1075,2025,401,,0,4,N
289,5/4/2025,1010,2040,403,,138.16,12,N
290,5/4/2025,1139,2060,403,,1225.14,1,N
291,5/4/2025,1192,2082,402,,213.28,2,N
292,5/4/2025,1091,2099,401,,1034.11,1,N
293,5/4/2025,1069,2015,403,,2699.88,12,Y
294,5/4/2025,1102,2095,404,,1472.37,5,N
295,5/4/2025,1086,2023,404,,3758.16,5,N
296,5/4/2025,1094,2066,403,,1032.12,11,N
297,5/4/2025,1186,2054,401,,0,7,Y
298,5/4/2025,1154,2023,403,,751.63,9,N
299,5/4/2025,1026,2010,403,,62.27,9,N
300,5/4/2025,1078,2057,404,,393.28,3,N
301,5/4/2025,1176,2056,403,,524.72,3,Y
302,5/4/2025,1010,2093,403,,0,3,N
303,5/4/2025,1070,2081,401,,1492.44,4,N
304,5/4/2025,1171,2081,404,,596.98,8,N
305,5/4/2025,1131,2095,402,,1472.37,6,N
306,5/4/2025,1036,2077,404,,1123.66,8,Y
307,5/4/2025,1032,2008,402,,106.54,1,N
308,5/4/2025,1092,2049,401,,0,8,Y
309,5/4/2025,1173,2057,403,,349.58,4,N
310,5/4/2025,1113,2097,401,,757.89,11,N
311,5/4/2025,1135,2046,404,,80.23,1,Y
312,5/4/2025,1166,2035,402,,899.99,8,N
313,5/4/2025,1006,2094,402,,1480.05,4,Y
314,5/4/2025,1132,2049,401,,1503.74,6,N
315,5/4/2025,1198,2033,404,,2257.88,8,N
316,5/4/2025,1156,2036,404,,784.73,4,N
317,5/4/2025,1031,2017,401,,0,3,N
318,5/4/2025,1044,2091,404,,1811.58,9,N
319,5/4/2025,1174,2040,403,,34.54,3,Y
320,5/4/2025,1140,2069,403,,557.74,9,Y
321,5/4/2025,1040,2091,402,,724.63,2,Y
322,5/4/2025,1130,2028,401,,574.15,2,Y
323,5/4/2025,1035,2030,404,,339.94,2,N
324,5/4/2025,1092,2070,403,,102.54,6,N
325,5/4/2025,1141,2016,401,,0,3,N
326,5/4/2025,1079,2050,404,,186.78,9,Y
327,5/4/2025,1196,2052,401,,2632.54,4,N
328,5/4/2025,1081,2082,401,,1066.4,1,N
329,5/4/2025,1119,2087,403,,0,4,N
330,5/4/2025,1199,2070,402,,30.76,1,N
331,5/4/2025,1110,2064,401,,0,5,N
332,5/4/2025,1132,2019,403,,1681.07,4,Y
333,5/4/2025,1041,2041,402,,643.37,8,N
334,5/4/2025,1132,2036,401,,348.77,8,N
335,5/4/2025,1050,2081,403,,2686.39,7,N
336,5/4/2025,1160,2038,401,,0,3,N
337,5/4/2025,1151,2074,402,,1187.1,1,N
338,5/4/2025,1168,2079,403,,1901.08,1,N
339,5/4/2025,1007,2010,401,,62.27,12,N
340,5/4/2025,1166,2026,404,,0,11,N
341,5/4/2025,1127,2080,403,,1997.42,3,N
342,5/4/2025,1123,2031,404,,1356.72,6,N
343,5/4/2025,1116,2009,401,,119.36,7,N
344,5/4/2025,1112,2053,404,,0,6,Y
345,5/4/2025,1052,2043,402,,698.76,6,Y
346,5/4/2025,1183,2040,403,,103.62,6,N
347,5/4/2025,1033,2097,403,,4210.5,3,N
348,5/4/2025,1081,2030,404,,339.94,6,Y
349,5/4/2025,1068,2057,402,,1179.85,8,Y
350,5/4/2025,1024,2006,403,,594,11,Y
351,5/4/2025,1157,2053,402,,1098.27,11,N
352,5/4/2025,1083,2073,403,,2247.44,2,N
353,5/4/2025,1195,2020,404,,1879.15,5,N
354,5/4/2025,1127,2039,404,,1952.88,1,N
355,5/4/2025,1023,2050,404,,0,12,N
356,5/4/2025,1055,2074,403,,1978.5,1,N
357,5/4/2025,1012,2036,404,,653.94,5,N
358,5/4/2025,1073,2068,401,,2460.72,12,Y
359,5/4/2025,1110,2017,403,,370.96,3,N
360,5/4/2025,1195,2051,403,,117.32,4,N
361,5/4/2025,1102,2006,402,,792,3,N
362,5/4/2025,1141,2036,401,,871.92,1,N
363,5/4/2025,1129,2057,403,,1747.92,1,N
364,5/4/2025,1032,2012,404,,997.1,12,N
365,5/4/2025,1086,2071,403,,553.64,12,Y
366,5/4/2025,1050,2077,404,,561.83,5,N
367,5/4/2025,1011,2004,402,,0,6,N
368,5/4/2025,1121,2066,404,,0,3,Y
369,5/4/2025,1155,2065,402,,1128.82,12,Y
370,5/4/2025,1156,2040,402,,138.16,9,N
371,5/4/2025,1157,2094,403,,1578.72,5,Y
372,5/4/2025,1129,2065,404,,752.54,8,N
373,5/4/2025,1121,2002,403,,2771.2,1,N
374,5/4/2025,1172,2014,404,,197.04,5,N
375,5/4/2025,1185,2088,401,,2128.05,3,N
376,5/4/2025,1067,2083,402,,0,12,N
377,5/4/2025,1149,2061,402,,1199.52,1,Y
378,5/4/2025,1037,2087,402,,318.64,4,Y
379,5/4/2025,1146,2089,401,,744.34,5,N
380,5/4/2025,1004,2056,403,,2098.88,7,N
381,5/4/2025,1038,2052,402,,2193.78,1,N
382,5/4/2025,1128,2099,404,,3877.92,3,N
383,5/4/2025,1180,2017,402,,741.92,2,Y
384,5/4/2025,1169,2061,404,,319.87,9,Y
385,5/4/2025,1044,2058,403,,1066.8,10,N
386,5/4/2025,1173,2098,403,,3631.44,6,N
387,5/4/2025,1049,2031,403,,1356.72,10,N
388,5/4/2025,1057,2038,403,,2501.58,3,N
389,5/4/2025,1176,2090,404,,343.87,8,N
390,5/4/2025,1122,2044,403,,166.06,8,Y
391,5/4/2025,1031,2073,404,,1498.29,2,Y
392,5/4/2025,1088,2098,402,,726.29,6,N
393,5/4/2025,1010,2036,401,,348.77,7,N
394,5/4/2025,1113,2083,403,,3072.64,2,Y
395,5/4/2025,1054,2025,403,,671.09,11,N
396,5/4/2025,1035,2013,402,,1683.65,10,N
397,5/4/2025,1012,2085,402,,217.94,2,N
398,5/4/2025,1013,2012,404,,1994.21,10,Y
399,5/4/2025,1183,2060,401,,367.54,1,Y
400,5/4/2025,1001,2070,402,,102.54,8,Y
401,5/4/2025,1167,2060,404,,735.08,1,Y
402,5/4/2025,1193,2036,403,,348.77,9,N
403,5/4/2025,1165,2007,401,,0,11,N
404,5/4/2025,1136,2094,401,,1776.06,6,N
405,5/4/2025,1106,2022,401,,671.18,7,N
406,5/4/2025,1126,2023,403,,0,10,N
407,5/4/2025,1002,2038,401,,1482.42,7,N
408,5/4/2025,1072,2058,404,,1200.15,10,N
409,5/4/2025,1129,2059,403,,1382.54,3,N
410,5/4/2025,1028,2042,402,,502.83,2,N
411,5/4/2025,1165,2032,402,,0,9,Y
412,5/4/2025,1188,2043,403,,1572.21,8,N
413,5/4/2025,1044,2078,404,,426.03,12,N
414,5/4/2025,1131,2041,401,,3216.84,10,Y
415,5/4/2025,1171,2012,402,,1121.74,7,Y
416,5/4/2025,1122,2041,402,,1608.42,9,N
417,5/4/2025,1066,2049,402,,0,4,N
418,5/4/2025,1192,2034,403,,326.81,4,N
419,5/4/2025,1149,2092,401,,1157.3,1,N
420,5/4/2025,1167,2046,402,,133.72,8,Y
421,5/4/2025,1170,2015,404,,0,12,N
422,5/4/2025,1040,2051,403,,469.28,3,N
423,5/4/2025,1163,2037,403,,0,7,N
424,5/4/2025,1056,2017,404,,834.66,12,N
425,5/4/2025,1116,2095,403,,490.79,2,Y
426,5/4/2025,1179,2070,404,,61.52,2,Y
427,5/4/2025,1195,2031,401,,1695.9,7,Y
428,5/4/2025,1135,2090,403,,0,6,N
429,5/4/2025,1144,2014,401,,443.34,3,N
430,5/4/2025,1146,2068,402,,2952.86,9,N
431,5/4/2025,1083,2066,404,,516.06,10,N
432,5/4/2025,1174,2026,404,,423.12,6,N
433,5/4/2025,1130,2057,401,,1747.92,10,Y
434,5/4/2025,1033,2065,404,,0,10,Y
435,5/4/2025,1144,2007,404,,933.42,6,N
436,5/4/2025,1185,2002,404,,692.8,1,Y
437,5/4/2025,1000,2095,402,,0,4,N
438,5/4/2025,1011,2054,403,,900.51,10,N
439,5/4/2025,1138,2007,401,,2333.56,6,N
440,5/4/2025,1008,2036,404,,196.18,6,N
441,5/4/2025,1196,2017,404,,741.92,11,N
442,5/4/2025,1097,2057,404,,436.98,12,N
443,5/4/2025,1020,2087,402,,637.28,5,Y
444,5/4/2025,1030,2022,404,,604.06,1,Y
445,5/4/2025,1186,2028,401,,2551.76,8,N
446,5/4/2025,1076,2059,404,,1536.15,5,N
447,5/4/2025,1058,2031,404,,0,12,N
448,5/4/2025,1039,2035,402,,899.99,12,Y
449,5/4/2025,1008,2084,404,,845.55,12,N
450,5/4/2025,1061,2026,401,,423.12,5,N
451,5/4/2025,1152,2004,404,,2781.75,7,N
452,5/4/2025,1062,2094,401,,1973.4,4,N
453,5/4/2025,1112,2029,402,,13.51,6,N
454,5/4/2025,1035,2064,403,,0,4,N
455,5/4/2025,1187,2073,403,,399.54,3,N
456,5/4/2025,1060,2038,402,,3335.44,7,N
457,5/4/2025,1105,2038,403,,1853.02,8,Y
458,5/4/2025,1142,2075,402,,3903.2,4,N
459,5/4/2025,1142,2063,401,,1325.9,2,N
460,5/4/2025,1164,2085,404,,387.44,12,N
461,5/4/2025,1178,2053,404,,1647.4,10,Y
462,5/4/2025,1076,2048,402,,1072.89,3,N
463,5/4/2025,1061,2028,403,,1148.29,1,N
464,5/4/2025,1118,2007,404,,1750.17,8,Y
465,5/4/2025,1142,2067,402,,1163.8,3,Y
466,5/4/2025,1062,2032,402,,756.48,12,N
467,5/4/2025,1165,2010,404,,124.54,10,N
468,5/4/2025,1023,2068,402,,2460.72,7,N
469,5/4/2025,1068,2048,401,,715.26,10,Y
470,5/4/2025,1048,2097,402,,0,5,Y
471,5/4/2025,1053,2042,403,,167.61,10,N
472,5/4/2025,1054,2024,401,,372.81,5,N
473,5/4/2025,1062,2089,402,,1240.56,7,N
474,5/4/2025,1061,2070,403,,27.34,9,N
475,5/4/2025,1097,2059,403,,0,12,N
476,5/4/2025,1066,2046,404,,200.58,5,N
477,5/4/2025,1025,2092,404,,771.54,1,N
478,5/4/2025,1052,2047,403,,334.98,10,N
479,5/4/2025,1011,2072,402,,756.54,10,N
480,5/4/2025,1004,2033,404,,0,1,N
481,5/4/2025,1039,2025,403,,503.32,2,N
482,5/4/2025,1097,2072,402,,420.3,6,Y
483,5/4/2025,1140,2083,403,,1843.58,9,N
484,5/4/2025,1195,2062,404,,3096.8,8,Y
485,5/4/2025,1043,2093,403,,1360.69,5,N
486,5/4/2025,1035,2092,404,,0,1,N
487,5/4/2025,1138,2082,401,,533.2,7,N
488,5/4/2025,1019,2085,401,,484.3,5,Y
489,5/4/2025,1105,2017,402,,1391.1,6,N
490,5/4/2025,1181,2019,401,,4202.68,7,N
491,5/4/2025,1129,2058,403,,1333.5,3,Y
492,5/4/2025,1158,2081,404,,2984.88,12,N
493,5/4/2025,1004,2000,404,,2907.93,10,N
494,5/4/2025,1004,2067,403,,465.52,3,Y
495,5/4/2025,1004,2064,404,,1323.18,5,N
496,5/4/2025,1027,2012,402,,1121.74,6,N
497,5/4/2025,1049,2079,403,,3802.16,9,N
498,5/4/2025,1068,2050,401,,0,12,N
499,5/4/2025,1103,2058,402,,600.08,5,Y
500,5/4/2025,1076,2087,401,,159.32,1,N
501,5/4/2025,1023,2051,404,,351.96,4,Y
502,5/4/2025,1141,2060,401,,408.38,5,N
503,5/4/2025,1179,2021,401,,835.41,12,N
504,5/4/2025,1111,2082,403,,0,10,N
505,5/4/2025,1135,2005,402,,1157.71,10,N
506,5/4/2025,1177,2072,404,,1008.72,5,Y
507,5/4/2025,1011,2009,403,,0,7,Y
508,5/4/2025,1045,2040,401,,31.09,4,Y
509,5/4/2025,1150,2018,404,,1084.52,1,N
510,5/4/2025,1076,2020,402,,2254.98,5,Y
511,5/4/2025,1173,2069,403,,232.39,7,N
512,5/4/2025,1193,2094,402,,1480.05,10,N
513,5/4/2025,1128,2095,403,,0,10,N
514,5/4/2025,1025,2055,402,,107.88,6,Y
515,5/4/2025,1087,2077,404,,449.46,5,N
516,5/4/2025,1007,2081,403,,746.22,4,N
517,5/4/2025,1125,2029,403,,40.53,2,N
518,5/4/2025,1110,2023,404,,1879.08,4,N
519,5/4/2025,1197,2079,403,,855.49,10,Y
520,5/4/2025,1182,2009,401,,53.05,10,N
521,5/4/2025,1039,2048,402,,357.63,3,N
522,5/4/2025,1081,2046,401,,33.43,10,N
523,5/4/2025,1001,2039,404,,2343.46,1,N
524,5/4/2025,1194,2034,401,,245.11,8,N
525,5/4/2025,1022,2023,404,,5637.24,5,N
526,5/4/2025,1142,2071,404,,615.16,4,N
527,5/4/2025,1006,2011,403,,1229.22,8,Y
528,5/4/2025,1152,2076,403,,2418.21,7,N
529,5/4/2025,1003,2037,404,,1440.56,2,N
530,5/4/2025,1199,2010,402,,210.17,1,N
531,5/4/2025,1175,2048,402,,965.6,12,Y
532,5/4/2025,1068,2038,403,,0,11,Y
533,5/4/2025,1037,2008,402,,266.36,4,N
534,5/4/2025,1070,2053,403,,1830.45,8,N
535,5/4/2025,1005,2009,403,,53.05,12,N
536,5/4/2025,1063,2092,404,,867.98,2,N
537,5/4/2025,1117,2013,402,,2244.86,3,N
538,5/4/2025,1001,2050,403,,0,12,Y
539,5/4/2025,1084,2056,403,,1574.16,1,N
540,5/4/2025,1166,2076,402,,0,1,Y
541,5/4/2025,1082,2077,402,,0,3,N
542,5/4/2025,1080,2022,404,,1073.89,11,N
543,5/4/2025,1074,2094,404,,444.02,5,Y
544,5/4/2025,1083,2048,403,,0,12,N
545,5/4/2025,1093,2014,402,,221.67,3,N
546,5/4/2025,1174,2098,401,,2723.58,1,N
547,5/4/2025,1181,2026,404,,507.74,1,N
548,5/4/2025,1177,2008,404,,332.95,8,N
549,5/4/2025,1035,2081,403,,1343.2,10,Y
550,5/4/2025,1064,2084,402,,845.55,11,Y
551,5/4/2025,1096,2009,404,,198.93,12,Y
552,5/4/2025,1149,2051,404,,0,12,N
553,5/4/2025,1092,2089,401,,827.04,2,N
554,5/4/2025,1196,2031,403,,1526.31,3,N
555,5/4/2025,1165,2078,401,,142.01,2,Y
556,5/4/2025,1192,2042,404,,1005.66,3,N
557,5/4/2025,1002,2012,403,,560.87,7,N
558,5/4/2025,1130,2095,402,,1963.16,1,N
559,5/4/2025,1095,2050,404,,168.1,10,N
560,5/4/2025,1088,2003,404,,385.18,8,N
561,5/4/2025,1075,2053,401,,1830.45,10,Y
562,5/4/2025,1186,2018,403,,1301.42,10,N
563,5/4/2025,1087,2058,402,,2667,10,N
564,5/4/2025,1089,2060,401,,408.38,2,N
565,5/4/2025,1184,2089,404,,1984.9,3,N
566,5/4/2025,1017,2038,401,,0,9,N
567,5/4/2025,1005,2043,401,,786.1,7,N
568,5/4/2025,1189,2031,402,,2035.08,4,N
569,5/4/2025,1084,2071,404,,0,10,N
570,5/4/2025,1059,2051,402,,527.94,5,N
571,5/4/2025,1163,2084,404,,845.55,2,N
572,5/4/2025,1007,2094,402,,493.35,11,N
573,5/4/2025,1151,2054,404,,0,8,N
574,5/4/2025,1180,2027,402,,0,4,N
575,5/4/2025,1192,2090,401,,286.56,9,Y
576,5/4/2025,1137,2023,403,,1503.26,5,N
577,5/4/2025,1050,2058,401,,1066.8,9,N
578,5/4/2025,1171,2062,403,,619.36,4,N
579,5/4/2025,1156,2050,401,,0,10,N
580,5/4/2025,1090,2058,402,,1066.8,5,N
581,5/4/2025,1157,2075,401,,702.58,9,N
582,5/4/2025,1080,2015,402,,1619.93,8,N
583,5/4/2025,1029,2023,403,,0,3,Y
584,5/4/2025,1130,2049,404,,845.86,1,N
585,5/4/2025,1147,2049,404,,845.86,3,N
586,5/4/2025,1124,2081,402,,2686.39,4,N
587,5/4/2025,1125,2036,402,,588.55,2,Y
588,5/4/2025,1080,2057,401,,699.17,1,Y
589,5/4/2025,1002,2062,402,,1114.85,7,N
590,5/4/2025,1098,2071,404,,1845.48,8,Y
591,5/4/2025,1175,2062,404,,1858.08,7,Y
592,5/4/2025,1125,2021,401,,1670.82,5,Y
593,5/4/2025,1194,2028,403,,637.94,12,Y
594,5/4/2025,1070,2028,403,,0,1,Y
595,5/4/2025,1199,2058,404,,2667,7,N
596,5/4/2025,1146,2014,403,,0,7,N
597,5/4/2025,1138,2096,401,,2688.72,9,N
598,5/4/2025,1139,2027,404,,258.61,3,N
599,5/4/2025,1188,2083,402,,1229.06,9,N
600,5/4/2025,1008,2057,403,,699.17,1,Y
601,5/4/2025,1022,2056,401,,2361.24,1,Y
602,5/4/2025,1053,2094,403,,493.35,4,N
603,5/4/2025,1042,2078,402,,127.81,9,Y
604,5/4/2025,1052,2007,403,,2333.56,6,N
605,5/4/2025,1152,2068,402,,656.19,11,N
606,5/4/2025,1180,2037,403,,288.11,3,N
607,5/4/2025,1131,2086,401,,2414.07,1,Y
608,5/4/2025,1192,2052,401,,0,4,N
609,5/4/2025,1167,2016,402,,290.72,12,N
610,5/4/2025,1037,2091,403,,0,9,Y
611,5/4/2025,1194,2086,404,,0,3,N
612,5/4/2025,1036,2073,403,,1997.72,12,N
613,5/4/2025,1096,2057,401,,1310.94,9,N
614,5/4/2025,1103,2065,403,,376.27,7,Y
615,5/4/2025,1116,2062,403,,1238.72,12,N
616,5/4/2025,1198,2093,401,,0,4,N
617,5/4/2025,1162,2085,403,,0,3,N
618,5/4/2025,1136,2050,402,,933.9,10,Y
619,5/4/2025,1054,2063,403,,441.97,5,N
620,5/4/2025,1072,2043,402,,4367.25,5,Y
621,5/4/2025,1087,2087,401,,637.28,3,N
622,5/4/2025,1025,2080,404,,3329.04,12,Y
623,5/4/2025,1031,2020,404,,1127.49,9,N
624,5/4/2025,1000,2054,402,,1620.92,4,N
625,5/4/2025,1166,2038,402,,2223.62,11,N
626,5/4/2025,1023,2083,403,,1229.06,5,N
627,5/4/2025,1021,2047,402,,1674.9,4,Y
628,5/4/2025,1101,2080,403,,3745.17,5,N
629,5/4/2025,1109,2083,401,,768.16,7,N
630,5/4/2025,1000,2027,404,,517.22,9,Y
631,5/4/2025,1033,2075,402,,780.64,7,N
632,5/4/2025,1002,2001,403,,824.7,5,N
633,5/4/2025,1108,2088,402,,3546.75,10,N
634,5/4/2025,1018,2029,404,,27.02,10,N
635,5/4/2025,1187,2013,401,,2993.15,7,N
636,5/4/2025,1094,2038,402,,926.51,10,Y
637,5/4/2025,1198,2096,402,,1814.89,5,N
638,5/4/2025,1017,2067,401,,523.71,3,N
639,5/4/2025,1112,2044,402,,560.47,7,Y
640,5/4/2025,1105,2078,404,,383.43,11,N
641,5/4/2025,1022,2012,402,,623.19,11,N
642,5/4/2025,1150,2093,404,,1814.26,2,N
643,5/4/2025,1109,2040,402,,31.09,12,N
644,5/4/2025,1070,2082,401,,719.82,9,N
645,5/4/2025,1141,2076,403,,3224.28,10,N
646,5/4/2025,1168,2038,402,,1667.72,10,Y
647,5/4/2025,1191,2050,403,,560.34,12,N
648,5/4/2025,1005,2030,404,,679.88,1,Y
649,5/4/2025,1028,2030,404,,509.91,6,N
650,5/4/2025,1135,2001,403,,989.64,7,N
651,5/4/2025,1033,2049,404,,751.87,8,N
652,5/4/2025,1139,2087,402,,0,10,N
653,5/4/2025,1197,2009,401,,265.24,9,N
654,5/4/2025,1003,2033,402,,836.25,2,N
655,5/4/2025,1015,2050,403,,560.34,11,N
656,5/4/2025,1108,2089,404,,413.52,10,Y
657,5/4/2025,1163,2068,402,,3280.96,2,N
658,5/4/2025,1021,2039,401,,878.8,5,N
659,5/4/2025,1039,2068,403,,2460.72,5,N
660,5/4/2025,1150,2081,401,,1193.95,6,Y
661,5/4/2025,1178,2055,402,,53.94,3,Y
662,5/4/2025,1062,2011,404,,0,8,Y
663,5/4/2025,1116,2078,401,,0,1,Y
664,5/4/2025,1170,2094,402,,986.7,6,N
665,5/4/2025,1003,2090,402,,143.28,4,N
666,5/4/2025,1041,2063,403,,1325.9,1,N
667,5/4/2025,1042,2047,402,,803.95,7,Y
668,5/4/2025,1187,2015,401,,0,9,N
669,5/4/2025,1109,2034,401,,326.81,4,Y
670,5/4/2025,1182,2073,401,,499.43,4,Y
671,5/4/2025,1116,2065,403,,470.34,6,N
672,5/4/2025,1127,2072,402,,1008.72,12,N
673,5/4/2025,1040,2032,401,,0,3,N
674,5/4/2025,1058,2094,401,,493.35,12,N
675,5/4/2025,1003,2031,401,,1695.9,6,N
676,5/4/2025,1093,2049,402,,1691.71,7,N
677,5/4/2025,1009,2070,404,,30.76,11,N
678,5/4/2025,1082,2031,404,,452.24,10,N
679,5/4/2025,1069,2009,403,,0,10,Y
680,5/4/2025,1128,2086,401,,804.69,3,N
681,5/4/2025,1057,2066,401,,1548.18,7,Y
682,5/4/2025,1017,2059,403,,409.64,3,N
683,5/4/2025,1083,2011,404,,1638.96,2,N
684,5/4/2025,1094,2025,403,,223.7,12,N
685,5/4/2025,1189,2079,402,,3802.16,10,N
686,5/4/2025,1094,2075,404,,702.58,4,N
687,5/4/2025,1187,2069,402,,627.45,12,Y
688,5/4/2025,1001,2052,401,,0,8,Y
689,5/4/2025,1138,2044,401,,166.06,9,N
690,5/4/2025,1000,2097,404,,1347.36,7,N
691,5/4/2025,1026,2026,402,,211.56,1,Y
692,5/4/2025,1125,2007,402,,933.42,3,N
693,5/4/2025,1023,2005,402,,1286.34,12,N
694,5/4/2025,1179,2047,404,,669.96,9,N
695,5/4/2025,1148,2012,402,,3115.95,12,N
696,5/4/2025,1019,2075,401,,2341.92,1,N
697,5/4/2025,1169,2016,402,,775.25,9,N
698,5/4/2025,1066,2040,404,,55.26,8,N
699,5/4/2025,1081,2057,403,,393.28,1,Y
700,5/4/2025,1019,2025,402,,559.24,6,N
701,5/4/2025,1039,2013,402,,4676.8,5,Y
702,5/4/2025,1119,2040,404,,69.08,6,N
703,5/4/2025,1137,2045,402,,0,10,N
704,5/4/2025,1078,2059,403,,1536.15,12,N
705,5/4/2025,1023,2020,403,,0,5,N
706,5/4/2025,1055,2041,402,,4021.05,6,Y
707,5/4/2025,1182,2031,403,,1695.9,5,Y
708,5/4/2025,1131,2006,403,,475.2,11,N
709,5/4/2025,1044,2003,404,,1155.54,12,N
710,5/4/2025,1142,2095,402,,2453.95,5,Y
711,5/4/2025,1118,2013,402,,1870.72,4,N
712,5/4/2025,1003,2007,402,,1050.1,3,N
713,5/4/2025,1050,2051,403,,117.32,3,N
714,5/4/2025,1149,2075,403,,780.64,4,Y
715,5/4/2025,1005,2008,402,,466.13,9,N
716,5/4/2025,1032,2011,403,,409.74,2,N
717,5/4/2025,1010,2059,401,,921.69,9,N
718,5/4/2025,1146,2055,404,,0,1,N
719,5/4/2025,1007,2048,404,,1287.47,1,N
720,5/4/2025,1090,2027,402,,413.78,5,Y
721,5/4/2025,1071,2057,402,,1310.94,6,N
722,5/4/2025,1157,2079,402,,2281.3,6,N
723,5/4/2025,1127,2052,404,,2193.78,3,Y
724,5/4/2025,1022,2035,404,,1619.98,7,N
725,5/4/2025,1107,2025,402,,279.62,9,Y
726,5/4/2025,1097,2091,403,,2717.37,11,Y
727,5/4/2025,1139,2062,403,,1486.46,12,N
728,5/4/2025,1099,2034,402,,408.51,10,N
729,5/4/2025,1081,2076,402,,2418.21,8,N
730,5/4/2025,1199,2035,401,,2699.97,6,N
731,5/4/2025,1135,2045,402,,842.78,12,N
732,5/4/2025,1025,2031,402,,904.48,8,Y
733,5/4/2025,1136,2094,401,,0,12,N
734,5/4/2025,1147,2049,403,,3383.42,5,N
735,5/4/2025,1045,2030,403,,407.93,8,N
736,5/4/2025,1151,2003,403,,693.32,10,N
737,5/4/2025,1144,2024,404,,298.25,12,N
738,5/4/2025,1044,2062,401,,1238.72,4,N
739,5/4/2025,1014,2029,402,,13.51,10,N
740,5/4/2025,1134,2061,401,,639.74,8,N
741,5/4/2025,1157,2025,402,,671.09,10,N
742,5/4/2025,1183,2022,403,,2684.72,12,Y
743,5/4/2025,1005,2018,402,,542.26,2,Y
744,5/4/2025,1134,2046,401,,53.49,12,N
745,5/4/2025,1180,2084,404,,281.85,12,Y
746,5/4/2025,1086,2038,403,,1667.72,5,N
747,5/4/2025,1040,2093,404,,755.94,9,N
748,5/4/2025,1166,2040,402,,27.63,4,N
749,5/4/2025,1057,2085,402,,1452.9,11,N
750,5/4/2025,1078,2093,403,,0,6,N
751,5/4/2025,1045,2093,401,,2267.82,1,N
752,5/4/2025,1197,2072,401,,1513.08,9,Y
753,5/4/2025,1154,2040,402,,69.08,1,N
754,5/4/2025,1127,2018,403,,0,5,N
755,5/4/2025,1060,2044,403,,934.11,4,N
756,5/4/2025,1162,2011,403,,1229.22,12,N
757,5/4/2025,1002,2033,402,,3010.5,3,N
758,5/4/2025,1177,2008,403,,159.82,6,N
759,5/4/2025,1027,2092,401,,482.21,2,N
760,5/4/2025,1098,2056,404,,944.5,3,Y
761,5/4/2025,1105,2063,404,,2209.84,5,N
762,5/4/2025,1139,2048,401,,357.63,9,Y
763,5/4/2025,1147,2083,402,,691.34,2,Y
764,5/4/2025,1115,2009,401,,53.05,10,Y
765,5/4/2025,1005,2040,403,,103.62,8,N
766,5/4/2025,1018,2043,402,,2620.35,2,N
767,5/4/2025,1041,2093,401,,755.94,11,N
768,5/4/2025,1086,2076,404,,0,5,N
769,5/4/2025,1110,2083,402,,768.16,7,N
770,5/4/2025,1040,2006,401,,0,8,Y
771,5/4/2025,1052,2024,404,,298.25,1,N
772,5/4/2025,1169,2036,403,,392.36,6,N
773,5/4/2025,1024,2006,404,,0,1,N
774,5/4/2025,1039,2006,403,,198,2,N
775,5/4/2025,1109,2011,403,,1638.96,1,Y
776,5/4/2025,1051,2012,401,,1121.74,11,N
777,5/4/2025,1043,2081,403,,746.22,5,N
778,5/4/2025,1121,2014,403,,985.2,10,N
779,5/4/2025,1120,2062,403,,2477.44,9,Y
780,5/4/2025,1164,2069,404,,0,6,N
781,5/4/2025,1094,2048,403,,321.87,11,N
782,5/4/2025,1114,2005,403,,428.78,11,Y
783,5/4/2025,1119,2033,402,,1338,1,N
784,5/4/2025,1144,2007,402,,1166.78,1,N
785,5/4/2025,1021,2085,403,,0,2,N
786,5/4/2025,1193,2075,402,,1561.28,9,N
787,5/4/2025,1099,2066,404,,0,3,N
788,5/4/2025,1146,2030,404,,543.9,1,N
789,5/4/2025,1020,2050,401,,168.1,5,N
790,5/4/2025,1030,2096,404,,3024.81,7,Y
791,5/4/2025,1042,2027,402,,232.75,6,N
792,5/4/2025,1010,2054,401,,900.51,12,N
793,5/4/2025,1051,2080,402,,0,1,N
794,5/4/2025,1081,2093,401,,755.94,5,N
795,5/4/2025,1099,2071,404,,984.26,5,Y
796,5/4/2025,1070,2066,404,,0,6,N
797,5/4/2025,1179,2079,404,,2851.62,3,N
798,5/4/2025,1106,2019,402,,3735.72,5,N
799,5/4/2025,1027,2072,401,,672.48,7,N
800,5/4/2025,1137,2044,404,,830.32,5,N
801,5/4/2025,1098,2083,404,,2304.48,5,Y
802,5/4/2025,1009,2022,403,,2684.72,5,N
803,5/4/2025,1036,2079,404,,950.54,10,Y
804,5/4/2025,1101,2042,402,,335.22,10,Y
805,5/4/2025,1190,2060,403,,0,3,N
806,5/4/2025,1005,2043,403,,2096.28,1,Y
807,5/4/2025,1071,2062,401,,557.42,5,N
808,5/4/2025,1034,2038,404,,2223.62,9,N
809,5/4/2025,1068,2093,404,,2267.82,1,N
810,5/4/2025,1048,2056,402,,524.72,3,N
811,5/4/2025,1189,2062,403,,1858.08,4,N
812,5/4/2025,1131,2020,401,,0,1,Y
813,5/4/2025,1181,2064,404,,264.64,1,N
814,5/4/2025,1199,2067,401,,0,8,N
815,5/4/2025,1049,2025,401,,503.32,2,N
816,5/4/2025,1008,2058,401,,533.4,12,N
817,5/4/2025,1180,2025,403,,894.78,8,N
818,5/4/2025,1118,2064,404,,882.12,7,N
819,5/4/2025,1174,2003,402,,308.14,10,N
820,5/4/2025,1125,2076,404,,725.46,10,N
821,5/4/2025,1121,2075,403,,2498.05,2,N
822,5/4/2025,1041,2033,401,,669,6,Y
823,5/4/2025,1007,2049,401,,845.86,6,Y
824,5/4/2025,1146,2099,402,,581.69,3,Y
825,5/4/2025,1165,2028,402,,1531.06,11,N
826,5/4/2025,1166,2052,401,,731.26,2,N
827,5/4/2025,1121,2016,402,,646.04,12,N
828,5/4/2025,1057,2032,403,,3782.4,1,N
829,5/4/2025,1108,2048,403,,357.63,6,Y
830,5/4/2025,1064,2027,404,,413.78,12,N
831,5/4/2025,1173,2066,404,,2580.3,5,N
832,5/4/2025,1001,2065,403,,376.27,11,N
833,5/4/2025,1076,2087,401,,796.6,9,N
834,5/4/2025,1016,2043,403,,2795.04,1,N
835,5/4/2025,1070,2033,403,,752.62,7,N
836,5/4/2025,1038,2066,402,,1032.12,5,N
837,5/4/2025,1153,2051,403,,316.76,5,Y
838,5/4/2025,1184,2003,404,,1848.86,2,N
839,5/4/2025,1066,2053,404,,0,11,Y
840,5/4/2025,1188,2004,402,,2967.2,3,N
841,5/4/2025,1185,2091,402,,3623.16,7,Y
842,5/4/2025,1171,2045,403,,280.93,6,N
843,5/4/2025,1168,2071,402,,1968.51,12,Y
844,5/4/2025,1024,2060,402,,326.7,2,N
845,5/4/2025,1185,2071,402,,984.26,6,N
846,5/4/2025,1167,2011,402,,327.79,2,Y
847,5/4/2025,1057,2095,403,,2453.95,2,Y
848,5/4/2025,1084,2047,403,,803.95,2,N
849,5/4/2025,1118,2015,404,,4049.82,11,N
850,5/4/2025,1162,2074,401,,659.5,3,Y
851,5/4/2025,1049,2064,401,,882.12,2,N
852,5/4/2025,1135,2038,404,,926.51,4,Y
853,5/4/2025,1038,2017,402,,741.92,9,N
854,5/4/2025,1104,2072,404,,1134.81,6,N
855,5/4/2025,1080,2091,402,,2717.37,1,N
856,5/4/2025,1124,2042,402,,0,8,N
857,5/4/2025,1162,2007,401,,583.39,12,Y
858,5/4/2025,1070,2026,402,,190.4,7,N
859,5/4/2025,1125,2097,401,,3031.56,10,Y
860,5/4/2025,1157,2055,404,,53.94,3,N
861,5/4/2025,1109,2061,404,,799.68,1,N
862,5/4/2025,1009,2068,402,,0,5,N
863,5/4/2025,1003,2041,402,,2412.63,4,Y
864,5/4/2025,1173,2000,402,,872.38,10,Y
865,5/4/2025,1177,2044,403,,373.64,8,N
866,5/4/2025,1026,2049,403,,3383.42,1,N
867,5/4/2025,1016,2005,403,,686.05,10,Y
868,5/4/2025,1116,2093,403,,755.94,1,N
869,5/4/2025,1175,2017,403,,463.7,12,Y
870,5/4/2025,1091,2096,402,,1209.92,4,N
871,5/4/2025,1103,2002,402,,779.4,8,N
872,5/4/2025,1186,2016,402,,646.04,5,N
873,5/4/2025,1150,2064,402,,294.04,2,Y
874,5/4/2025,1093,2091,401,,2717.37,6,N
875,5/4/2025,1163,2032,401,,0,5,Y
876,5/4/2025,1169,2013,401,,935.36,2,N
877,5/4/2025,1176,2014,404,,1231.5,11,Y
878,5/4/2025,1097,2015,403,,2699.88,11,N
879,5/4/2025,1179,2019,402,,1867.86,11,N
880,5/4/2025,1077,2053,401,,976.24,3,N
881,5/4/2025,1159,2077,402,,561.83,9,N
882,5/4/2025,1026,2065,401,,1881.36,7,N
883,5/4/2025,1029,2013,404,,0,7,N
884,5/4/2025,1155,2025,403,,503.32,11,N
885,5/4/2025,1091,2090,404,,171.94,6,N
886,5/4/2025,1041,2005,404,,385.9,8,N
887,5/4/2025,1176,2061,403,,359.86,4,N
888,5/4/2025,1000,2001,401,,1649.4,8,N
889,5/4/2025,1146,2085,404,,653.81,4,N
890,5/4/2025,1023,2099,401,,1292.64,8,Y
891,5/4/2025,1065,2082,402,,266.6,9,Y
892,5/4/2025,1075,2033,404,,2508.75,3,Y
893,5/4/2025,1025,2022,401,,1073.89,3,N
894,5/4/2025,1092,2086,403,,894.1,11,Y
895,5/4/2025,1189,2014,401,,0,2,N
896,5/4/2025,1002,2017,402,,0,10,N
897,5/4/2025,1091,2056,403,,1049.44,3,N
898,5/4/2025,1095,2043,402,,0,3,Y
899,5/4/2025,1102,2051,404,,93.86,5,Y
900,5/4/2025,1098,2088,404,,0,5,N
901,5/4/2025,1166,2021,401,,0,2,N
902,5/4/2025,1178,2092,401,,867.98,12,Y
903,5/4/2025,1026,2053,404,,1830.45,10,N
904,5/4/2025,1046,2078,404,,454.43,6,N
905,5/4/2025,1156,2003,402,,1925.9,5,N
906,5/4/2025,1124,2014,404,,0,6,N
907,5/4/2025,1011,2008,403,,106.54,1,N
908,5/4/2025,1003,2090,402,,57.31,5,N
909,5/4/2025,1132,2066,401,,1548.18,9,N
910,5/4/2025,1169,2093,402,,755.94,12,N
911,5/4/2025,1088,2084,404,,0,10,N
912,5/4/2025,1142,2078,401,,568.04,2,N
913,5/4/2025,1164,2020,404,,1879.15,1,N
914,5/4/2025,1042,2009,404,,53.05,10,N
915,5/4/2025,1061,2042,403,,167.61,11,N
916,5/4/2025,1129,2028,404,,2551.76,9,N
917,5/4/2025,1060,2010,404,,544.88,10,N
918,5/4/2025,1146,2057,401,,436.98,9,Y
919,5/4/2025,1114,2040,401,,34.54,9,N
920,5/4/2025,1190,2083,401,,2304.48,6,N
921,5/4/2025,1103,2052,401,,2193.78,8,N
922,5/4/2025,1023,2077,403,,505.65,11,Y
923,5/4/2025,1167,2085,404,,387.44,1,N
924,5/4/2025,1093,2006,402,,594,10,Y
925,5/4/2025,1084,2071,404,,492.13,4,N
926,5/4/2025,1183,2057,401,,873.96,1,Y
927,5/4/2025,1194,2084,402,,563.7,8,N
928,5/4/2025,1087,2045,403,,499.42,1,Y
929,5/4/2025,1179,2013,401,,1683.65,3,N
930,5/4/2025,1126,2017,404,,927.4,4,N
931,5/4/2025,1065,2078,402,,127.81,8,Y
932,5/4/2025,1030,2050,402,,186.78,6,N
933,5/4/2025,1005,2024,403,,621.35,10,Y
934,5/4/2025,1193,2053,401,,1830.45,12,Y
935,5/4/2025,1197,2057,404,,1179.85,7,N
936,5/4/2025,1127,2000,401,,969.31,8,N
937,5/4/2025,1149,2061,402,,359.86,2,N
938,5/4/2025,1187,2016,401,,2584.16,10,N
939,5/4/2025,1168,2076,403,,2418.21,11,N
940,5/4/2025,1107,2077,402,,898.93,8,Y
941,5/4/2025,1101,2043,403,,3493.8,3,Y
942,5/4/2025,1034,2017,404,,0,7,N
943,5/4/2025,1179,2070,403,,61.52,3,N
944,5/4/2025,1051,2026,403,,338.5,7,N
945,5/4/2025,1172,2016,402,,516.83,11,N
946,5/4/2025,1181,2014,403,,246.3,12,N
947,5/4/2025,1149,2073,404,,799.09,2,N
948,5/4/2025,1108,2001,401,,412.35,10,N
949,5/4/2025,1097,2018,401,,1084.52,6,N
950,5/4/2025,1051,2034,402,,217.87,3,N
951,5/4/2025,1174,2032,402,,4728,3,Y
952,5/4/2025,1176,2037,402,,720.28,9,Y
953,5/4/2025,1091,2057,401,,786.56,7,N
954,5/4/2025,1190,2082,404,,239.94,5,N
955,5/4/2025,1130,2089,403,,413.52,12,Y
956,5/4/2025,1097,2049,404,,0,10,N
957,5/4/2025,1141,2006,401,,0,7,N
958,5/4/2025,1051,2079,404,,1710.97,9,N
959,5/4/2025,1162,2090,403,,257.9,1,N
960,5/4/2025,1198,2092,402,,771.54,7,N
961,5/4/2025,1114,2022,401,,3020.31,6,N
962,5/4/2025,1044,2094,401,,493.35,10,N
963,5/4/2025,1010,2054,403,,720.41,12,N
964,5/4/2025,1033,2020,403,,751.66,9,N
965,5/4/2025,1084,2059,402,,0,1,N
966,5/4/2025,1039,2041,401,,0,4,Y
967,5/4/2025,1125,2073,403,,1997.72,9,N
968,5/4/2025,1005,2090,403,,193.43,4,N
969,5/4/2025,1047,2066,401,,464.45,10,N
970,5/4/2025,1106,2069,404,,464.78,3,N
971,5/4/2025,1089,2028,402,,0,9,N
972,5/4/2025,1084,2046,403,,0,2,Y
973,5/4/2025,1192,2079,404,,950.54,4,N
974,5/4/2025,1029,2085,403,,726.45,6,Y
975,5/4/2025,1061,2082,402,,533.2,2,N
976,5/4/2025,1174,2041,404,,804.21,8,N
977,5/4/2025,1098,2032,403,,0,8,N
978,5/4/2025,1132,2098,403,,3631.44,1,N
979,5/4/2025,1124,2005,403,,1157.71,12,N
980,5/4/2025,1082,2065,401,,1411.02,3,N
981,5/4/2025,1042,2098,401,,4539.3,10,N
982,5/4/2025,1053,2085,402,,726.45,9,Y
983,5/4/2025,1026,2026,404,,423.12,5,N
984,5/4/2025,1191,2087,402,,477.96,6,Y
985,5/4/2025,1117,2091,403,,1811.58,4,N
986,5/4/2025,1022,2009,401,,119.36,10,N
987,5/4/2025,1064,2071,401,,1107.29,2,Y
988,5/4/2025,1066,2052,404,,5118.82,11,N
989,5/4/2025,1161,2051,404,,375.42,8,N
990,5/4/2025,1004,2049,401,,939.84,11,N
991,5/4/2025,1164,2092,401,,2893.26,6,N
992,5/4/2025,1179,2009,403,,66.31,5,N
993,5/4/2025,1074,2087,403,,477.96,9,N
994,5/4/2025,1072,2097,404,,842.1,1,N
995,5/4/2025,1101,2084,401,,1127.4,5,N
996,5/4/2025,1040,2068,402,,2952.86,6,N
997,5/4/2025,1191,2050,403,,504.31,5,N
998,5/4/2025,1076,2086,403,,2682.3,6,N
999,5/4/2025,1141,2071,402,,1230.32,6,Y
1000,5/4/2025,1010,2000,404,,3877.24,7,N
1001,5/4/2025,1078,2026,403,,761.62,4,N
1002,5/4/2025,1105,2082,402,,239.94,11,Y
1003,5/4/2025,1047,2028,403,,1148.29,8,N
1004,5/4/2025,1029,2023,401,,2818.62,7,N
1005,5/4/2025,1165,2070,401,,54.69,9,N
1006,5/4/2025,1171,2008,403,,133.18,7,N
1007,5/4/2025,1050,2092,404,,771.54,3,N
1008,5/4/2025,1091,2016,402,,1292.08,3,Y
1009,5/4/2025,1072,2079,401,,855.49,8,N
1010,5/4/2025,1081,2062,404,,495.49,5,N
1011,5/4/2025,1157,2084,403,,253.67,4,N
1012,5/4/2025,1144,2072,403,,672.48,8,N
1013,5/4/2025,1109,2021,401,,668.33,6,N
1014,5/4/2025,1063,2028,404,,510.35,2,N
1015,5/4/2025,1092,2017,403,,1854.8,4,N
1016,5/4/2025,1118,2057,403,,699.17,12,N
1017,5/4/2025,1124,2070,401,,30.76,11,N
1018,5/4/2025,1165,2077,401,,449.46,4,N
1019,5/4/2025,1035,2068,402,,1968.58,6,N
1020,5/4/2025,1187,2080,401,,0,6,N
1021,5/4/2025,1004,2064,401,,882.12,1,Y
1022,5/4/2025,1196,2075,402,,2341.92,8,Y
1023,5/4/2025,1141,2033,404,,0,6,Y
1024,5/4/2025,1093,2050,402,,448.27,3,Y
1025,5/4/2025,1034,2059,401,,1536.15,9,N
1026,5/4/2025,1093,2064,401,,793.91,2,N
1027,5/4/2025,1157,2087,402,,286.78,11,N
1028,5/4/2025,1114,2020,402,,676.49,8,N
1029,5/4/2025,1188,2093,404,,1814.26,10,N
1030,5/4/2025,1010,2028,404,,1148.29,3,N
1031,5/4/2025,1016,2033,403,,2257.88,12,N
1032,5/4/2025,1010,2085,402,,387.44,5,N
1033,5/4/2025,1099,2060,404,,0,6,N
1034,5/4/2025,1010,2083,403,,768.16,10,Y
1035,5/4/2025,1180,2066,403,,1238.54,6,N
1036,5/4/2025,1148,2069,402,,697.17,4,N
1037,5/4/2025,1167,2048,403,,1072.89,3,N
1038,5/4/2025,1132,2032,404,,851.04,4,Y
1039,5/4/2025,1132,2051,403,,187.71,1,N
1040,5/4/2025,1124,2061,401,,0,4,N
1041,5/4/2025,1112,2021,402,,835.41,1,Y
1042,5/4/2025,1131,2082,403,,239.94,12,N
1043,5/4/2025,1038,2023,402,,0,1,N
1044,5/4/2025,1154,2091,401,,3260.84,10,N
1045,5/4/2025,1106,2042,401,,1173.27,6,Y
1046,5/4/2025,1172,2061,404,,719.71,5,N
1047,5/4/2025,1151,2020,404,,1127.49,11,N
1048,5/4/2025,1062,2005,402,,385.9,4,N
1049,5/4/2025,1034,2080,401,,2996.14,11,Y
1050,5/4/2025,1014,2021,403,,1503.74,3,N
1051,5/4/2025,1132,2051,401,,281.57,1,N
1052,5/4/2025,1021,2027,404,,775.83,6,N
1053,5/4/2025,1123,2021,402,,0,2,N
1054,5/4/2025,1153,2018,402,,867.62,8,Y
1055,5/4/2025,1042,2092,403,,1446.63,10,N
1056,5/4/2025,1152,2075,401,,2107.73,5,Y
1057,5/4/2025,1096,2049,402,,939.84,7,N
1058,5/4/2025,1004,2025,404,,0,10,Y
1059,5/4/2025,1155,2012,402,,623.19,12,N
1060,5/4/2025,1157,2076,401,,2418.21,2,N
1061,5/4/2025,1023,2061,402,,199.92,8,N
1062,5/4/2025,1198,2086,404,,894.1,2,Y
1063,5/4/2025,1094,2005,404,,771.8,4,N
1064,5/4/2025,1123,2098,404,,3631.44,1,Y
1065,5/4/2025,1150,2094,401,,2466.75,5,N
1066,5/4/2025,1034,2032,404,,1702.08,9,N
1067,5/4/2025,1021,2036,404,,348.77,1,N
1068,5/4/2025,1048,2000,401,,4846.55,9,N
1069,5/4/2025,1133,2000,404,,872.38,11,N
1070,5/4/2025,1176,2040,404,,55.26,8,Y
1071,5/4/2025,1027,2019,404,,747.14,6,N
1072,5/4/2025,1066,2068,404,,1968.58,7,N
1073,5/4/2025,1156,2035,404,,0,3,N
1074,5/4/2025,1105,2070,404,,0,1,Y
1075,5/4/2025,1094,2071,404,,984.26,5,N
1076,5/4/2025,1078,2073,403,,499.43,12,N
1077,5/4/2025,1188,2017,401,,417.33,12,N
1078,5/4/2025,1114,2089,402,,827.04,2,N
1079,5/4/2025,1054,2065,404,,376.27,5,N
1080,5/4/2025,1140,2078,401,,255.62,8,Y
1081,5/4/2025,1099,2081,401,,1492.44,11,Y
1082,5/4/2025,1037,2060,404,,1225.14,9,N
1083,5/4/2025,1016,2033,402,,2007,2,Y
1084,5/4/2025,1020,2077,401,,561.83,12,N
1085,5/4/2025,1102,2078,403,,142.01,3,N
1086,5/4/2025,1198,2022,404,,671.18,3,Y
1087,5/4/2025,1002,2025,403,,503.32,1,Y
1088,5/4/2025,1008,2076,402,,1450.93,8,Y
1089,5/4/2025,1172,2004,403,,834.52,6,N
1090,5/4/2025,1167,2000,402,,969.31,12,N
1091,5/4/2025,1070,2099,404,,1551.17,8,N
1092,5/4/2025,1171,2050,404,,168.1,11,N
1093,5/4/2025,1132,2001,401,,2061.75,9,Y
1094,5/4/2025,1140,2036,403,,348.77,5,N
1095,5/4/2025,1070,2028,402,,2551.76,12,Y
1096,5/4/2025,1103,2073,401,,0,3,N
1097,5/4/2025,1044,2052,401,,2193.78,5,N
1098,5/4/2025,1128,2037,403,,0,5,N
1099,5/4/2025,1131,2032,403,,4728,5,N
1100,5/4/2025,1096,2072,404,,378.27,3,N
1101,5/4/2025,1193,2043,404,,2620.35,11,N
1102,5/4/2025,1150,2003,404,,1155.54,10,N
1103,5/4/2025,1066,2008,404,,59.93,4,Y
1104,5/4/2025,1173,2089,402,,0,9,N
1105,5/4/2025,1105,2045,401,,499.42,10,Y
1106,5/4/2025,1063,2036,401,,653.94,9,Y
1107,5/4/2025,1172,2095,403,,981.58,2,N
1108,5/4/2025,1141,2022,404,,0,8,N
1109,5/4/2025,1090,2027,403,,698.25,8,N
1110,5/4/2025,1191,2087,402,,955.92,7,N
1111,5/4/2025,1188,2025,402,,251.66,8,N
1112,5/4/2025,1067,2026,402,,380.81,3,Y
1113,5/4/2025,1063,2079,403,,1710.97,6,Y
1114,5/4/2025,1199,2013,401,,5612.16,1,N
1115,5/4/2025,1173,2084,404,,281.85,7,N
1116,5/4/2025,1195,2069,401,,697.17,1,N
1117,5/4/2025,1095,2079,403,,950.54,9,N
1118,5/4/2025,1147,2035,404,,809.99,1,Y
1119,5/4/2025,1195,2065,403,,1411.02,1,N
1120,5/4/2025,1056,2096,402,,0,7,N
1121,5/4/2025,1134,2054,404,,3602.04,2,Y
1122,5/4/2025,1128,2044,404,,373.64,5,N
1123,5/4/2025,1117,2015,404,,1619.93,8,N
1124,5/4/2025,1176,2001,401,,371.12,8,Y
1125,5/4/2025,1097,2074,401,,527.6,3,N
1126,5/4/2025,1092,2078,403,,383.43,7,N
1127,5/4/2025,1140,2033,402,,1338,3,Y
1128,5/4/2025,1120,2078,403,,227.22,6,N
1129,5/4/2025,1047,2063,404,,0,6,Y
1130,5/4/2025,1107,2089,403,,330.82,3,N
1131,5/4/2025,1102,2035,404,,1619.98,7,N
1132,5/4/2025,1146,2016,402,,0,3,N
1133,5/4/2025,1184,2034,402,,680.85,8,N
1134,5/4/2025,1097,2025,402,,1258.29,10,N
1135,5/4/2025,1121,2001,402,,0,4,N
1136,5/4/2025,1127,2017,403,,0,1,N
1137,5/4/2025,1076,2032,401,,6619.2,4,Y
1138,5/4/2025,1025,2088,402,,0,7,N
1139,5/4/2025,1055,2032,404,,945.6,11,N
1140,5/4/2025,1115,2095,403,,0,4,N
1141,5/4/2025,1092,2046,403,,80.23,6,Y
1142,5/4/2025,1005,2052,401,,1170.02,9,N
1143,5/4/2025,1173,2077,402,,1516.94,1,N
1144,5/4/2025,1199,2036,403,,871.92,5,N
1145,5/4/2025,1172,2065,404,,2822.04,11,N
1146,5/4/2025,1020,2048,403,,1072.89,7,Y
1147,5/4/2025,1161,2018,402,,1301.42,1,N
1148,5/4/2025,1107,2080,404,,4993.56,4,N
1149,5/4/2025,1020,2020,403,,1014.74,6,Y
1150,5/4/2025,1080,2040,403,,55.26,2,N
1151,5/4/2025,1154,2082,404,,639.84,10,N
1152,5/4/2025,1113,2099,403,,646.32,5,Y
1153,5/4/2025,1105,2021,402,,835.41,11,N
1154,5/4/2025,1032,2093,402,,2419.01,10,N
1155,5/4/2025,1190,2089,401,,0,1,N
1156,5/4/2025,1042,2050,401,,1120.68,6,Y
1157,5/4/2025,1016,2060,401,,816.76,6,N
1158,5/4/2025,1197,2050,401,,560.34,4,N
1159,5/4/2025,1067,2079,402,,1901.08,8,N
1160,5/4/2025,1167,2049,403,,0,4,N
1161,5/4/2025,1063,2094,403,,493.35,8,N
1162,5/4/2025,1160,2016,402,,1162.87,8,N
1163,5/4/2025,1007,2004,403,,2225.4,5,N
1164,5/4/2025,1121,2059,403,,2048.2,4,N
1165,5/4/2025,1034,2089,402,,2481.12,12,N
1166,5/4/2025,1161,2095,404,,392.63,2,N
1167,5/4/2025,1088,2061,402,,799.68,11,N
1168,5/4/2025,1113,2039,403,,976.44,3,N
1169,5/4/2025,1066,2019,403,,933.93,3,N
1170,5/4/2025,1000,2066,402,,412.85,4,N
1171,5/4/2025,1073,2060,401,,0,4,N
1172,5/4/2025,1193,2061,403,,199.92,10,N
1173,5/4/2025,1196,2055,403,,194.18,11,N
1174,5/4/2025,1001,2070,403,,61.52,11,N
1175,5/4/2025,1105,2071,404,,615.16,5,N
1176,5/4/2025,1063,2020,404,,375.83,4,Y
1177,5/4/2025,1056,2033,401,,836.25,11,Y
1178,5/4/2025,1160,2030,403,,271.95,10,N
1179,5/4/2025,1166,2095,403,,1472.37,8,N
1180,5/4/2025,1048,2008,402,,0,6,Y
1181,5/4/2025,1074,2014,404,,738.9,6,N
1182,5/4/2025,1069,2089,404,,372.17,8,N
1183,5/4/2025,1082,2002,402,,1732,7,Y
1184,5/4/2025,1136,2002,402,,1732,10,N
1185,5/4/2025,1072,2034,402,,0,11,Y
1186,5/4/2025,1186,2001,402,,824.7,12,N
1187,5/4/2025,1038,2001,404,,0,10,N
1188,5/4/2025,1087,2053,403,,2440.6,8,N
1189,5/4/2025,1095,2059,401,,1638.56,2,Y
1190,5/4/2025,1020,2096,402,,2688.72,9,N
1191,5/4/2025,1068,2099,404,,1938.96,1,N
1192,5/4/2025,1139,2060,402,,1102.63,8,N
1193,5/4/2025,1064,2048,401,,715.26,12,N
1194,5/4/2025,1196,2091,402,,0,11,N
1195,5/4/2025,1197,2056,402,,1049.44,12,N
1196,5/4/2025,1050,2058,401,,1800.22,12,N
1197,5/4/2025,1121,2049,403,,751.87,4,N
1198,5/4/2025,1040,2080,401,,1664.52,4,N
1199,5/4/2025,1064,2061,403,,179.93,5,N
1200,5/4/2025,1092,2006,402,,198,8,Y
1201,5/4/2025,1060,2081,404,,1193.95,5,N
1202,5/4/2025,1003,2021,403,,2506.23,8,Y
1203,5/4/2025,1101,2031,401,,1130.6,10,Y
1204,5/4/2025,1148,2088,404,,0,1,Y
1205,5/4/2025,1095,2098,401,,2451.22,12,N
1206,5/4/2025,1040,2063,401,,883.94,10,N
1207,5/4/2025,1194,2080,401,,1664.52,9,Y
1208,5/4/2025,1091,2082,402,,0,6,Y
1209,5/4/2025,1032,2062,402,,1981.95,3,N
1210,5/4/2025,1142,2082,403,,799.8,8,N
1211,5/4/2025,1187,2024,401,,372.81,9,N
1212,5/4/2025,1091,2092,402,,385.77,6,N
1213,5/4/2025,1010,2062,404,,990.98,11,N
1214,5/4/2025,1138,2089,404,,744.34,7,Y
1215,5/4/2025,1145,2023,403,,1503.26,1,N
1216,5/4/2025,1187,2059,403,,1843.38,5,N
1217,5/4/2025,1017,2067,402,,0,5,N
1218,5/4/2025,1075,2033,403,,836.25,10,N
1219,5/4/2025,1000,2099,404,,2326.75,4,Y
1220,5/4/2025,1004,2079,403,,0,6,N
1221,5/4/2025,1082,2092,401,,0,7,N
1222,5/4/2025,1048,2067,404,,785.56,9,N
1223,5/4/2025,1156,2036,403,,0,1,N
1224,5/4/2025,1164,2041,401,,804.21,6,N
1225,5/4/2025,1133,2084,401,,0,7,Y
1226,5/4/2025,1033,2022,401,,604.06,3,Y
1227,5/4/2025,1027,2062,402,,1238.72,8,N
1228,5/4/2025,1008,2073,404,,1498.29,5,N
1229,5/4/2025,1134,2079,403,,950.54,9,Y
1230,5/4/2025,1093,2028,401,,1275.88,5,N
1231,5/4/2025,1053,2083,404,,2304.48,9,Y
1232,5/4/2025,1119,2081,401,,0,10,N
1233,5/4/2025,1142,2095,404,,1177.9,4,Y
1234,5/4/2025,1181,2007,403,,583.39,9,N
1235,5/4/2025,1187,2009,403,,265.24,5,N
1236,5/4/2025,1055,2066,401,,2580.3,10,Y
1237,5/4/2025,1185,2029,404,,12.16,9,N
1238,5/4/2025,1049,2067,402,,261.86,3,N
1239,5/4/2025,1142,2095,404,,1963.16,4,N
1240,5/4/2025,1196,2081,403,,746.22,9,Y
1241,5/4/2025,1179,2085,404,,242.15,10,N
1242,5/4/2025,1042,2023,404,,2254.9,11,Y
1243,5/4/2025,1168,2020,404,,601.33,6,N
1244,5/4/2025,1080,2070,403,,0,2,N
1245,5/4/2025,1105,2097,404,,673.68,7,N
1246,5/4/2025,1155,2030,402,,509.91,2,Y
1247,5/4/2025,1196,2070,403,,27.34,11,Y
1248,5/4/2025,1115,2057,404,,1747.92,2,Y
1249,5/4/2025,1185,2004,403,,2781.75,11,N
1250,5/4/2025,1132,2017,403,,0,1,N
1251,5/4/2025,1076,2028,402,,1020.7,11,Y
1252,5/4/2025,1005,2098,403,,3268.3,11,N
1253,5/4/2025,1024,2004,404,,1483.6,12,N
1254,5/4/2025,1039,2017,403,,370.96,11,N
1255,5/4/2025,1149,2031,402,,904.48,3,N
1256,5/4/2025,1076,2011,404,,737.53,6,N
1257,5/4/2025,1187,2009,403,,198.93,8,N
1258,5/4/2025,1044,2062,401,,495.49,9,N
1259,5/4/2025,1009,2093,404,,0,7,N
1260,5/4/2025,1199,2007,403,,1400.14,4,Y
1261,5/4/2025,1111,2053,401,,3294.81,6,N
1262,5/4/2025,1191,2083,401,,768.16,5,N
1263,5/4/2025,1013,2039,401,,1562.3,8,N
1264,5/4/2025,1138,2072,402,,672.48,1,Y
1265,5/4/2025,1128,2089,402,,744.34,1,N
1266,5/4/2025,1012,2086,404,,2682.3,11,N
1267,5/4/2025,1192,2076,401,,1450.93,6,N
1268,5/4/2025,1110,2037,404,,324.13,10,Y
1269,5/4/2025,1033,2043,401,,4367.25,12,N
1270,5/4/2025,1146,2095,401,,1963.16,2,N
1271,5/4/2025,1067,2010,404,,0,5,N
1272,5/4/2025,1198,2089,402,,744.34,1,N
1273,5/4/2025,1123,2071,402,,1845.48,7,N
1274,5/4/2025,1101,2083,402,,2074.03,1,Y
1275,5/4/2025,1062,2009,403,,66.31,4,Y
1276,5/4/2025,1082,2087,401,,318.64,9,N
1277,5/4/2025,1171,2052,404,,0,1,N
1278,5/4/2025,1089,2024,403,,298.25,4,N
1279,5/4/2025,1152,2083,401,,1843.58,6,N
1280,5/4/2025,1043,2044,404,,373.64,6,N
1281,5/4/2025,1112,2005,402,,0,12,N
1282,5/4/2025,1175,2047,402,,1004.94,8,N
1283,5/4/2025,1028,2094,401,,888.03,1,N
1284,5/4/2025,1158,2018,403,,2169.04,7,Y
1285,5/4/2025,1087,2088,401,,567.48,1,N
1286,5/4/2025,1115,2060,401,,980.11,7,N
1287,5/4/2025,1053,2094,402,,888.03,3,Y
1288,5/4/2025,1139,2066,403,,2580.3,11,N
1289,5/4/2025,1159,2093,402,,0,8,N
1290,5/4/2025,1096,2074,401,,1055.2,3,N
1291,5/4/2025,1043,2007,403,,525.05,1,N
1292,5/4/2025,1178,2079,403,,950.54,8,N
1293,5/4/2025,1119,2083,401,,768.16,3,N
1294,5/4/2025,1099,2084,403,,0,2,N
1295,5/4/2025,1027,2002,403,,866,1,N
1296,5/4/2025,1059,2048,401,,572.21,3,N
1297,5/4/2025,1124,2076,401,,2176.39,2,Y
1298,5/4/2025,1050,2064,404,,1470.2,2,Y
1299,5/4/2025,1010,2031,403,,1356.72,6,N
1300,5/4/2025,1125,2050,402,,373.56,12,N
1301,5/4/2025,1088,2087,403,,509.82,1,N
1302,5/4/2025,1160,2038,402,,2223.62,2,N
1303,5/4/2025,1015,2080,403,,2496.78,6,Y
1304,5/4/2025,1007,2071,403,,553.64,3,N
1305,5/4/2025,1038,2043,404,,786.1,4,N
1306,5/4/2025,1022,2093,404,,2721.38,1,Y
1307,5/4/2025,1106,2030,402,,1019.82,8,N
1308,5/4/2025,1079,2077,403,,561.83,7,Y
1309,5/4/2025,1138,2016,402,,872.15,7,N
1310,5/4/2025,1148,2069,402,,418.3,3,N
1311,5/4/2025,1079,2088,402,,709.35,10,N
1312,5/4/2025,1197,2018,402,,867.62,10,N
1313,5/4/2025,1017,2071,401,,553.64,3,N
1314,5/4/2025,1081,2018,401,,867.62,2,N
1315,5/4/2025,1105,2052,403,,731.26,12,Y
1316,5/4/2025,1190,2081,403,,0,1,N
1317,5/4/2025,1199,2024,401,,223.69,7,N
1318,5/4/2025,1047,2003,403,,346.66,7,N
1319,5/4/2025,1152,2029,402,,27.02,12,N
1320,5/4/2025,1091,2010,404,,210.17,2,Y
1321,5/4/2025,1128,2077,404,,0,7,N
1322,5/4/2025,1047,2049,404,,0,8,N
1323,5/4/2025,1035,2020,402,,676.49,1,Y
1324,5/4/2025,1008,2052,401,,585.01,9,N
1325,5/4/2025,1105,2028,402,,1148.29,7,Y
1326,5/4/2025,1016,2022,404,,2684.72,3,N
1327,5/4/2025,1176,2041,404,,1447.58,8,N
1328,5/4/2025,1109,2051,401,,469.28,7,N
1329,5/4/2025,1184,2040,404,,103.62,11,N
1330,5/4/2025,1133,2013,404,,3741.44,8,N
1331,5/4/2025,1010,2031,404,,1130.6,6,N
1332,5/4/2025,1142,2049,401,,0,9,N
1333,5/4/2025,1074,2056,404,,839.55,5,N
1334,5/4/2025,1198,2036,404,,392.36,3,N
1335,5/4/2025,1108,2037,401,,648.25,3,Y
1336,5/4/2025,1118,2082,404,,799.8,1,N
1337,5/4/2025,1184,2064,401,,264.64,12,N
1338,5/4/2025,1199,2074,402,,1978.5,8,Y
1339,5/4/2025,1105,2041,404,,0,2,N
1340,5/4/2025,1045,2058,402,,0,3,N
1341,5/4/2025,1023,2032,403,,1702.08,8,Y
1342,5/4/2025,1183,2093,401,,2267.82,8,N
1343,5/4/2025,1029,2090,404,,57.31,11,N
1344,5/4/2025,1021,2067,404,,261.86,4,N
1345,5/4/2025,1096,2070,404,,136.72,4,Y
1346,5/4/2025,1196,2021,403,,751.87,5,Y
1347,5/4/2025,1041,2018,402,,1084.52,6,N
1348,5/4/2025,1107,2039,403,,0,5,N
1349,5/4/2025,1073,2080,402,,3329.04,7,N
1350,5/4/2025,1033,2025,401,,671.09,2,N
1351,5/4/2025,1003,2058,404,,2000.25,7,Y
1352,5/4/2025,1139,2000,404,,1744.76,10,N
1353,5/4/2025,1055,2075,404,,3122.56,7,Y
1354,5/4/2025,1104,2056,401,,1574.16,1,N
1355,5/4/2025,1062,2070,403,,30.76,7,N
1356,5/4/2025,1012,2023,402,,2818.62,5,N
1357,5/4/2025,1167,2044,401,,560.47,3,N
1358,5/4/2025,1008,2085,403,,0,3,Y
1359,5/4/2025,1022,2006,401,,990,4,N
1360,5/4/2025,1045,2020,403,,1352.99,12,N
1361,5/4/2025,1116,2095,403,,981.58,2,N
1362,5/4/2025,1023,2098,403,,1452.58,2,N
1363,5/4/2025,1094,2048,401,,1072.89,1,N
1364,5/4/2025,1140,2008,403,,0,5,N
1365,5/4/2025,1034,2015,403,,1079.95,4,Y
1366,5/4/2025,1134,2052,402,,1316.27,11,N
1367,5/4/2025,1156,2007,401,,1750.17,10,N
1368,5/4/2025,1123,2092,403,,0,2,N
1369,5/4/2025,1155,2040,403,,27.63,3,N
1370,5/4/2025,1033,2078,404,,568.04,7,Y
1371,5/4/2025,1126,2023,402,,2254.9,7,Y
1372,5/4/2025,1049,2000,401,,3877.24,12,N
1373,5/4/2025,1119,2080,401,,0,4,N
1374,5/4/2025,1157,2053,404,,1830.45,5,Y
1375,5/4/2025,1085,2044,402,,207.58,5,N
1376,5/4/2025,1163,2025,403,,447.39,6,N
1377,5/4/2025,1017,2039,403,,3905.76,9,Y
1378,5/4/2025,1196,2000,401,,0,2,N
1379,5/4/2025,1087,2050,401,,168.1,5,N
1380,5/4/2025,1049,2042,403,,670.44,12,N
1381,5/4/2025,1121,2004,402,,3709,3,N
1382,5/4/2025,1039,2080,404,,665.81,4,Y
1383,5/4/2025,1118,2052,401,,0,10,N
1384,5/4/2025,1144,2092,403,,1446.63,6,N
1385,5/4/2025,1053,2073,403,,1198.63,12,N
1386,5/4/2025,1016,2019,403,,0,8,N
1387,5/4/2025,1086,2048,402,,1072.89,1,N
1388,5/4/2025,1047,2076,401,,0,10,N
1389,5/4/2025,1180,2040,401,,110.53,8,N
1390,5/4/2025,1105,2011,404,,0,11,N
1391,5/4/2025,1095,2057,403,,786.56,7,N
1392,5/4/2025,1134,2038,402,,926.51,1,N
1393,5/4/2025,1095,2004,402,,0,2,N
1394,5/4/2025,1113,2064,401,,294.04,3,Y
1395,5/4/2025,1128,2019,402,,1494.29,1,Y
1396,5/4/2025,1123,2093,403,,3023.76,9,N
1397,5/4/2025,1036,2098,401,,817.07,8,N
1398,5/4/2025,1052,2092,401,,1928.84,2,N
1399,5/4/2025,1099,2091,401,,905.79,9,N
1400,5/4/2025,1079,2005,401,,1715.12,7,N
1401,5/4/2025,1119,2005,401,,686.05,9,Y
1402,5/4/2025,1005,2073,403,,0,6,N
1403,5/4/2025,1082,2025,402,,223.7,6,N
1404,5/4/2025,1070,2068,403,,2460.72,11,N
1405,5/4/2025,1171,2015,403,,0,4,Y
1406,5/4/2025,1040,2035,401,,899.99,10,N
1407,5/4/2025,1159,2071,401,,1660.93,10,N
1408,5/4/2025,1138,2044,403,,0,2,N
1409,5/4/2025,1036,2090,403,,0,7,N
1410,5/4/2025,1043,2009,403,,106.1,5,N
1411,5/4/2025,1138,2056,401,,944.5,11,Y
1412,5/4/2025,1007,2060,401,,816.76,6,N
1413,5/4/2025,1098,2006,401,,990,2,N
1414,5/4/2025,1100,2022,404,,1610.83,5,N
1415,5/4/2025,1079,2042,402,,167.61,10,N
1416,5/4/2025,1193,2097,404,,2273.67,4,N
1417,5/4/2025,1023,2089,404,,413.52,9,N
1418,5/4/2025,1116,2039,404,,3905.76,6,N
1419,5/4/2025,1059,2028,402,,1531.06,2,N
1420,5/4/2025,1093,2050,402,,298.85,1,N
1421,5/4/2025,1083,2058,404,,2000.25,5,Y
1422,5/4/2025,1016,2060,401,,653.41,9,N
1423,5/4/2025,1122,2059,402,,1228.92,6,N
1424,5/4/2025,1196,2044,402,,207.58,10,N
1425,5/4/2025,1103,2091,401,,2173.9,12,N
1426,5/4/2025,1142,2083,401,,1229.06,7,N
1427,5/4/2025,1136,2059,404,,2560.25,5,N
1428,5/4/2025,1061,2079,402,,2566.46,10,Y
1429,5/4/2025,1123,2049,401,,751.87,6,N
1430,5/4/2025,1053,2088,404,,709.35,5,N
1431,5/4/2025,1145,2043,402,,1572.21,11,N
1432,5/4/2025,1169,2085,401,,1210.75,9,N
1433,5/4/2025,1029,2075,404,,1249.02,6,Y
1434,5/4/2025,1142,2012,404,,1682.61,11,Y
1435,5/4/2025,1078,2051,401,,117.32,8,N
1436,5/4/2025,1175,2076,404,,1289.71,2,N
1437,5/4/2025,1126,2082,401,,1066.4,12,N
1438,5/4/2025,1055,2017,401,,1669.32,9,N
1439,5/4/2025,1169,2019,404,,747.14,5,N
1440,5/4/2025,1099,2078,404,,383.43,7,N
1441,5/4/2025,1052,2087,403,,0,10,N
1442,5/4/2025,1145,2086,403,,2682.3,1,N
1443,5/4/2025,1183,2044,401,,1037.9,10,N
1444,5/4/2025,1156,2065,404,,423.31,5,N
1445,5/4/2025,1075,2007,403,,1166.78,12,Y
1446,5/4/2025,1000,2090,403,,143.28,10,N
1447,5/4/2025,1072,2003,402,,0,2,N
1448,5/4/2025,1179,2075,404,,1873.54,12,N
1449,5/4/2025,1182,2048,404,,357.63,6,N
1450,5/4/2025,1111,2069,402,,836.6,11,N
1451,5/4/2025,1121,2017,402,,2782.2,1,N
1452,5/4/2025,1092,2053,402,,1464.36,3,Y
1453,5/4/2025,1171,2016,402,,646.04,5,N
1454,5/4/2025,1018,2082,401,,0,4,N
1455,5/4/2025,1184,2062,404,,1672.27,3,N
1456,5/4/2025,1021,2017,404,,463.7,10,N
1457,5/4/2025,1178,2077,404,,505.65,5,Y
1458,5/4/2025,1116,2065,404,,470.34,11,N
1459,5/4/2025,1098,2045,402,,280.93,8,N
1460,5/4/2025,1108,2077,401,,1685.49,11,N
1461,5/4/2025,1187,2030,403,,509.91,4,N
1462,5/4/2025,1139,2073,403,,499.43,1,N
1463,5/4/2025,1009,2072,404,,0,11,Y
1464,5/4/2025,1028,2074,404,,3297.5,7,N
1465,5/4/2025,1036,2093,403,,0,8,N
1466,5/4/2025,1132,2010,401,,0,3,Y
1467,5/4/2025,1120,2080,401,,665.81,6,Y
1468,5/4/2025,1156,2006,403,,198,2,Y
1469,5/4/2025,1120,2058,404,,1600.2,7,Y
1470,5/4/2025,1107,2045,403,,249.71,8,N
1471,5/4/2025,1042,2004,403,,0,6,N
1472,5/4/2025,1015,2080,404,,749.03,6,N
1473,5/4/2025,1146,2006,403,,792,5,N
1474,5/4/2025,1073,2062,401,,1114.85,8,N
1475,5/4/2025,1129,2009,403,,0,1,N
1476,5/4/2025,1033,2078,403,,340.82,10,N
1477,5/4/2025,1065,2001,401,,371.12,4,N
1478,5/4/2025,1151,2094,402,,493.35,4,N
1479,5/4/2025,1094,2022,403,,0,3,N
1480,5/4/2025,1124,2023,401,,2254.9,3,N
1481,5/4/2025,1021,2018,402,,542.26,4,Y
1482,5/4/2025,1192,2052,404,,0,11,N
1483,5/4/2025,1169,2056,402,,944.5,1,N
1484,5/4/2025,1147,2093,403,,2267.82,11,N
1485,5/4/2025,1164,2033,401,,836.25,11,N
1486,5/4/2025,1042,2059,404,,3072.3,2,N
1487,5/4/2025,1077,2060,402,,1633.52,9,N
1488,5/4/2025,1174,2090,404,,286.56,10,N
1489,5/4/2025,1067,2018,404,,2169.04,2,N
1490,5/4/2025,1073,2057,404,,349.58,5,N
1491,5/4/2025,1135,2087,401,,318.64,9,N
1492,5/4/2025,1136,2081,403,,2238.66,9,N
1493,5/4/2025,1156,2083,403,,1229.06,8,Y
1494,5/4/2025,1069,2034,401,,217.87,1,N
1495,5/4/2025,1167,2074,404,,2638,1,Y
1496,5/4/2025,1197,2086,402,,2414.07,9,N
1497,5/4/2025,1133,2043,402,,1397.52,11,N
1498,5/4/2025,1140,2001,401,,1237.05,8,N
1499,5/4/2025,1003,2052,401,,731.26,10,Y
1500,5/4/2025,1175,2057,403,,1179.85,9,N
1501,5/4/2025,1185,2036,403,,980.91,7,N
1502,5/4/2025,1008,2003,401,,0,3,Y
1503,5/4/2025,1152,2084,402,,281.85,3,N
1504,5/4/2025,1181,2015,401,,1214.95,2,Y
1505,5/4/2025,1096,2084,402,,0,5,N
1506,5/4/2025,1178,2023,403,,1503.26,12,N
1507,5/4/2025,1119,2084,401,,0,12,N
1508,5/4/2025,1070,2098,404,,1452.58,3,N
1509,5/4/2025,1065,2020,401,,300.66,6,N
1510,5/4/2025,1198,2007,404,,2333.56,2,N
1511,5/4/2025,1085,2007,403,,933.42,12,Y
1512,5/4/2025,1045,2056,401,,3148.32,3,Y
1513,5/4/2025,1051,2078,404,,383.43,5,Y
1514,5/4/2025,1165,2062,401,,557.42,12,N
1515,5/4/2025,1138,2098,404,,817.07,11,N
1516,5/4/2025,1157,2082,401,,1066.4,11,N
1517,5/4/2025,1183,2033,401,,0,1,N
1518,5/4/2025,1018,2009,403,,0,1,N
1519,5/4/2025,1004,2063,402,,552.46,10,N
1520,5/4/2025,1009,2085,404,,193.72,9,N
1521,5/4/2025,1038,2089,403,,1240.56,7,N
1522,5/4/2025,1147,2000,404,,4846.55,1,N
1523,5/4/2025,1111,2051,401,,211.18,12,N
1524,5/4/2025,1000,2049,404,,5639.04,8,N
1525,5/4/2025,1145,2068,403,,656.19,3,Y
1526,5/4/2025,1174,2038,404,,1853.02,8,N
1527,5/4/2025,1161,2082,401,,213.28,5,N
1528,5/4/2025,1136,2043,401,,3493.8,1,Y
1529,5/4/2025,1194,2098,403,,2451.22,7,N
1530,5/4/2025,1045,2070,401,,102.54,5,Y
1531,5/4/2025,1169,2024,403,,621.35,6,N
1532,5/4/2025,1027,2080,403,,2496.78,6,Y
1533,5/4/2025,1021,2080,404,,2247.1,8,N
1534,5/4/2025,1035,2004,402,,1854.5,9,N
1535,5/4/2025,1184,2075,402,,2341.92,2,N
1536,5/4/2025,1099,2008,403,,66.59,9,N
1537,5/4/2025,1136,2057,401,,1310.94,12,N
1538,5/4/2025,1086,2007,403,,1750.17,11,N
1539,5/4/2025,1103,2015,402,,2024.91,10,Y
1540,5/4/2025,1173,2068,402,,0,9,N
1541,5/4/2025,1018,2004,402,,927.25,10,N
1542,5/4/2025,1167,2002,404,,866,10,N
1543,5/4/2025,1062,2089,402,,2067.6,7,N
1544,5/4/2025,1044,2080,401,,665.81,1,N
1545,5/4/2025,1024,2058,402,,2000.25,7,N
1546,5/4/2025,1027,2014,404,,443.34,10,N
1547,5/4/2025,1016,2025,404,,671.09,5,N
1548,5/4/2025,1188,2086,404,,2861.12,6,Y
1549,5/4/2025,1030,2087,402,,382.37,10,N
1550,5/4/2025,1054,2097,401,,2273.67,7,N
1551,5/4/2025,1085,2008,401,,106.54,5,N
1552,5/4/2025,1036,2096,404,,1814.89,7,Y
1553,5/4/2025,1178,2047,402,,1004.94,9,N
1554,5/4/2025,1062,2074,401,,1187.1,3,N
1555,5/4/2025,1025,2080,404,,3745.17,8,N
1556,5/4/2025,1004,2062,401,,2477.44,2,N
1557,5/4/2025,1001,2022,401,,536.94,11,N
1558,5/4/2025,1106,2088,404,,1276.83,7,Y
1559,5/4/2025,1052,2018,403,,2169.04,2,N
1560,5/4/2025,1105,2030,402,,339.94,4,Y
1561,5/4/2025,1152,2023,404,,1879.08,7,N
1562,5/4/2025,1160,2038,403,,0,3,N
1563,5/4/2025,1001,2071,402,,1660.93,2,N
1564,5/4/2025,1030,2067,401,,465.52,11,N
1565,5/4/2025,1194,2069,402,,929.56,10,N
1566,5/4/2025,1197,2080,402,,1331.62,7,N
1567,5/4/2025,1013,2024,401,,335.53,1,Y
1568,5/4/2025,1175,2060,404,,735.08,8,N
1569,5/4/2025,1040,2085,401,,484.3,3,N
1570,5/4/2025,1165,2046,403,,60.17,12,N
1571,5/4/2025,1111,2032,403,,3782.4,12,N
1572,5/4/2025,1011,2013,401,,1683.65,2,N
1573,5/4/2025,1040,2003,404,,385.18,3,N
1574,5/4/2025,1018,2030,404,,135.98,5,Y
1575,5/4/2025,1107,2025,403,,754.97,11,N
1576,5/4/2025,1199,2014,403,,0,8,N
1577,5/4/2025,1025,2030,404,,0,10,Y
1578,5/4/2025,1096,2028,401,,2551.76,7,Y
1579,5/4/2025,1149,2062,401,,1858.08,7,Y
1580,5/4/2025,1037,2027,404,,465.5,12,N
1581,5/4/2025,1099,2047,402,,0,7,N
1582,5/4/2025,1184,2024,403,,198.83,8,Y
1583,5/4/2025,1051,2042,402,,167.61,1,Y
1584,5/4/2025,1177,2072,401,,672.48,4,N
1585,5/4/2025,1034,2014,404,,985.2,6,N
1586,5/4/2025,1107,2021,403,,751.87,9,N
1587,5/4/2025,1075,2077,402,,2528.24,2,N
1588,5/4/2025,1147,2070,402,,34.18,1,N
1589,5/4/2025,1105,2066,404,,928.91,10,N
1590,5/4/2025,1151,2060,404,,653.41,12,N
1591,5/4/2025,1003,2093,404,,680.35,2,N
1592,5/4/2025,1063,2041,404,,2171.37,7,N
1593,5/4/2025,1151,2019,401,,933.93,3,N
1594,5/4/2025,1011,2005,404,,428.78,10,Y
1595,5/4/2025,1108,2067,404,,290.95,2,N
1596,5/4/2025,1178,2012,404,,623.19,11,N
1597,5/4/2025,1061,2010,401,,389.2,7,N
1598,5/4/2025,1055,2016,403,,0,2,Y
1599,5/4/2025,1061,2082,401,,266.6,3,N
1600,5/4/2025,1122,2085,403,,217.94,11,N
1601,5/4/2025,1180,2058,401,,666.75,7,Y
1602,5/4/2025,1118,2098,402,,907.86,4,N
1603,5/4/2025,1047,2047,404,,334.98,1,N
1604,5/4/2025,1160,2009,404,,0,5,N
1605,5/4/2025,1135,2004,403,,3709,12,Y
1606,5/4/2025,1192,2034,402,,0,9,N
1607,5/4/2025,1158,2042,401,,402.26,8,N
1608,5/4/2025,1013,2014,404,,197.04,12,N
1609,5/4/2025,1119,2079,401,,4562.59,9,N
1610,5/4/2025,1093,2022,401,,604.06,10,N
1611,5/4/2025,1035,2042,402,,335.22,9,N
1612,5/4/2025,1166,2061,402,,179.93,7,N
1613,5/4/2025,1082,2045,403,,312.14,4,N
1614,5/4/2025,1070,2006,401,,633.6,5,Y
1615,5/4/2025,1088,2057,404,,436.98,1,N
1616,5/4/2025,1120,2090,403,,214.92,1,N
1617,5/4/2025,1158,2047,401,,904.45,3,N
1618,5/4/2025,1117,2011,401,,0,8,Y
1619,5/4/2025,1045,2036,401,,217.98,2,N
1620,5/4/2025,1042,2035,401,,809.99,4,N
1621,5/4/2025,1127,2019,402,,933.93,2,Y
1622,5/4/2025,1075,2053,402,,2440.6,5,Y
1623,5/4/2025,1088,2053,404,,610.15,9,Y
1624,5/4/2025,1074,2024,401,,248.54,1,N
1625,5/4/2025,1059,2066,403,,2064.24,5,Y
1626,5/4/2025,1148,2043,403,,873.45,9,Y
1627,5/4/2025,1151,2085,404,,726.45,1,N
1628,5/4/2025,1077,2072,402,,1008.72,9,N
1629,5/4/2025,1043,2033,402,,836.25,8,Y
1630,5/4/2025,1095,2036,401,,392.36,4,Y
1631,5/4/2025,1090,2036,404,,588.55,12,Y
1632,5/4/2025,1158,2020,403,,676.49,11,Y
1633,5/4/2025,1044,2090,402,,0,10,N
1634,5/4/2025,1060,2014,401,,591.12,5,Y
1635,5/4/2025,1147,2016,404,,516.83,5,Y
1636,5/4/2025,1094,2023,402,,1879.08,11,N
1637,5/4/2025,1170,2040,403,,0,12,N
1638,5/4/2025,1095,2057,402,,349.58,6,N
1639,5/4/2025,1031,2003,404,,0,7,N
1640,5/4/2025,1196,2018,404,,433.81,8,N
1641,5/4/2025,1039,2000,403,,775.45,8,N
1642,5/4/2025,1121,2037,402,,1080.42,11,N
1643,5/4/2025,1086,2088,401,,2837.4,2,N
1644,5/4/2025,1010,2017,401,,1112.88,9,N
1645,5/4/2025,1006,2051,402,,351.96,7,Y
1646,5/4/2025,1091,2011,403,,819.48,4,N
1647,5/4/2025,1155,2082,402,,959.76,4,Y
1648,5/4/2025,1005,2098,403,,817.07,11,N
1649,5/4/2025,1005,2010,404,,233.52,8,N
1650,5/4/2025,1131,2050,402,,747.12,4,N
1651,5/4/2025,1081,2077,401,,1797.86,6,Y
1652,5/4/2025,1101,2018,404,,867.62,5,N
1653,5/4/2025,1098,2047,401,,1071.94,3,N
1654,5/4/2025,1088,2044,403,,830.32,10,N
1655,5/4/2025,1143,2011,402,,1229.22,11,N
1656,5/4/2025,1189,2053,404,,1464.36,2,N
1657,5/4/2025,1041,2093,404,,2267.82,9,N
1658,5/4/2025,1035,2075,401,,1405.15,10,N
1659,5/4/2025,1053,2038,404,,2964.83,9,N
1660,5/4/2025,1016,2075,404,,3122.56,1,Y
1661,5/4/2025,1001,2052,403,,731.26,10,N
1662,5/4/2025,1044,2071,404,,553.64,3,N
1663,5/4/2025,1051,2023,404,,0,8,N
1664,5/4/2025,1141,2062,401,,1486.46,6,Y
1665,5/4/2025,1149,2038,404,,926.51,5,N
1666,5/4/2025,1057,2003,401,,2079.97,5,N
1667,5/4/2025,1067,2038,404,,926.51,6,N
1668,5/4/2025,1167,2085,403,,242.15,7,N
1669,5/4/2025,1045,2062,402,,1858.08,1,N
1670,5/4/2025,1030,2097,403,,3368.4,9,N
1671,5/4/2025,1017,2076,403,,0,3,N
1672,5/4/2025,1144,2055,403,,161.82,4,Y
1673,5/4/2025,1177,2015,403,,674.97,10,N
1674,5/4/2025,1066,2020,401,,1014.74,1,N
1675,5/4/2025,1081,2059,402,,409.64,11,N
1676,5/4/2025,1041,2006,403,,475.2,10,N
1677,5/4/2025,1107,2081,403,,3731.1,3,N
1678,5/4/2025,1074,2037,401,,0,2,Y
1679,5/4/2025,1196,2080,402,,832.26,2,Y
1680,5/4/2025,1153,2096,402,,1075.49,1,Y
1681,5/4/2025,1080,2087,403,,127.46,8,Y
1682,5/4/2025,1175,2089,403,,2067.6,3,N
1683,5/4/2025,1136,2074,403,,593.55,3,Y
1684,5/4/2025,1003,2017,403,,1112.88,6,N
1685,5/4/2025,1199,2062,404,,990.98,8,N
1686,5/4/2025,1041,2013,402,,1683.65,9,N
1687,5/4/2025,1128,2028,402,,0,9,N
1688,5/4/2025,1106,2058,401,,1333.5,4,N
1689,5/4/2025,1033,2002,404,,1385.6,5,Y
1690,5/4/2025,1079,2088,403,,2553.66,2,N
1691,5/4/2025,1113,2076,403,,0,11,Y
1692,5/4/2025,1181,2038,401,,2779.53,9,N
1693,5/4/2025,1056,2016,402,,872.15,8,N
1694,5/4/2025,1078,2016,402,,872.15,3,Y
1695,5/4/2025,1020,2054,401,,1801.02,11,Y
1696,5/4/2025,1004,2099,404,,0,12,N
1697,5/4/2025,1010,2025,401,,559.24,9,N
1698,5/4/2025,1168,2065,401,,1411.02,3,N
1699,5/4/2025,1030,2032,401,,945.6,9,N
1700,5/4/2025,1077,2085,401,,0,2,Y
1701,5/4/2025,1005,2015,402,,0,12,N
1702,5/4/2025,1047,2085,403,,242.15,10,N
1703,5/4/2025,1023,2018,403,,0,9,N
1704,5/4/2025,1090,2020,402,,751.66,8,N
1705,5/4/2025,1025,2074,401,,593.55,9,N
1706,5/4/2025,1183,2024,403,,335.53,5,N
1707,5/4/2025,1193,2068,401,,820.24,11,N
1708,5/4/2025,1054,2064,404,,235.23,11,Y
1709,5/4/2025,1178,2075,402,,5464.48,2,N
1710,5/4/2025,1172,2013,402,,2244.86,8,N
1711,5/4/2025,1097,2054,402,,810.46,12,Y
1712,5/4/2025,1104,2014,403,,246.3,6,N
1713,5/4/2025,1119,2014,402,,1231.5,8,N
1714,5/4/2025,1195,2046,403,,100.29,11,N
1715,5/4/2025,1021,2041,404,,0,5,Y
1716,5/4/2025,1098,2036,404,,0,10,N
1717,5/4/2025,1175,2056,402,,2098.88,2,Y
1718,5/4/2025,1074,2054,402,,2701.53,6,N
1719,5/4/2025,1121,2086,403,,3218.76,5,Y
1720,5/4/2025,1003,2086,404,,1788.2,12,N
1721,5/4/2025,1101,2056,401,,524.72,12,N
1722,5/4/2025,1036,2050,404,,747.12,5,N
1723,5/4/2025,1189,2021,401,,1336.66,1,N
1724,5/4/2025,1050,2043,402,,873.45,2,N
1725,5/4/2025,1031,2029,404,,40.53,8,N
1726,5/4/2025,1071,2097,403,,2526.3,3,Y
1727,5/4/2025,1091,2060,404,,1225.14,10,N
1728,5/4/2025,1130,2035,402,,899.99,3,Y
1729,5/4/2025,1027,2015,403,,0,8,N
1730,5/4/2025,1127,2029,402,,40.53,8,Y
1731,5/4/2025,1025,2094,401,,1973.4,2,N
1732,5/4/2025,1127,2086,401,,4828.14,8,N
1733,5/4/2025,1097,2077,403,,2022.59,11,N
1734,5/4/2025,1077,2079,401,,1901.08,1,Y
1735,5/4/2025,1169,2096,404,,672.18,6,N
1736,5/4/2025,1051,2037,404,,1800.7,8,N
1737,5/4/2025,1129,2033,403,,1672.5,3,N
1738,5/4/2025,1195,2004,404,,2781.75,8,N
1739,5/4/2025,1098,2057,403,,1310.94,12,N
1740,5/4/2025,1113,2058,401,,2000.25,1,N
1741,5/4/2025,1045,2071,403,,0,11,N
1742,5/4/2025,1125,2055,402,,86.3,11,N
1743,5/4/2025,1183,2049,404,,1879.68,9,N
1744,5/4/2025,1145,2086,404,,2682.3,11,Y
1745,5/4/2025,1121,2071,402,,1845.48,9,Y
1746,5/4/2025,1100,2033,404,,2508.75,5,Y
1747,5/4/2025,1157,2086,403,,1430.56,10,Y
1748,5/4/2025,1082,2007,401,,1750.17,4,N
1749,5/4/2025,1032,2046,403,,167.15,11,N
1750,5/4/2025,1195,2080,403,,3329.04,6,Y
1751,5/4/2025,1024,2054,403,,0,12,N
1752,5/4/2025,1105,2044,401,,373.64,7,Y
1753,5/4/2025,1063,2030,403,,509.91,5,N
1754,5/4/2025,1176,2008,403,,133.18,11,N
1755,5/4/2025,1086,2021,401,,2004.98,10,N
1756,5/4/2025,1009,2058,404,,2000.25,9,Y
1757,5/4/2025,1068,2002,404,,0,3,N
1758,5/4/2025,1081,2048,404,,572.21,7,N
1759,5/4/2025,1146,2012,404,,623.19,10,N
1760,5/4/2025,1176,2086,402,,1430.56,10,N
1761,5/4/2025,1127,2064,403,,529.27,11,N
1762,5/4/2025,1157,2038,403,,4632.55,5,Y
1763,5/4/2025,1051,2063,401,,0,7,N
1764,5/4/2025,1073,2033,401,,1338,2,N
1765,5/4/2025,1146,2051,402,,0,4,N
1766,5/4/2025,1183,2074,401,,0,2,Y
1767,5/4/2025,1069,2008,404,,66.59,12,N
1768,5/4/2025,1053,2044,401,,332.13,7,N
1769,5/4/2025,1129,2038,404,,0,2,N
1770,5/4/2025,1051,2053,404,,488.12,11,N
1771,5/4/2025,1159,2065,404,,1693.22,1,N
1772,5/4/2025,1004,2080,402,,3329.04,9,Y
1773,5/4/2025,1054,2084,404,,901.92,1,N
1774,5/4/2025,1163,2068,404,,1640.48,8,N
1775,5/4/2025,1133,2025,403,,838.86,2,N
1776,5/4/2025,1037,2030,402,,271.95,12,N
1777,5/4/2025,1111,2052,403,,731.26,8,N
1778,5/4/2025,1162,2026,404,,169.25,3,N
1779,5/4/2025,1073,2082,402,,213.28,6,Y
1780,5/4/2025,1175,2076,402,,806.07,3,N
1781,5/4/2025,1061,2014,402,,665.01,7,N
1782,5/4/2025,1007,2031,403,,1695.9,10,N
1783,5/4/2025,1124,2071,404,,1845.48,9,Y
1784,5/4/2025,1165,2004,402,,1669.05,2,N
1785,5/4/2025,1069,2017,401,,0,12,N
1786,5/4/2025,1071,2084,402,,281.85,12,Y
1787,5/4/2025,1184,2062,401,,2477.44,5,N
1788,5/4/2025,1021,2040,403,,69.08,6,Y
1789,5/4/2025,1104,2046,401,,167.15,4,N
1790,5/4/2025,1185,2017,402,,1854.8,4,Y
1791,5/4/2025,1146,2094,401,,789.36,4,Y
1792,5/4/2025,1127,2011,402,,409.74,2,N
1793,5/4/2025,1197,2040,403,,138.16,4,N
1794,5/4/2025,1191,2095,402,,1963.16,11,N
1795,5/4/2025,1055,2018,401,,488.03,1,Y
1796,5/4/2025,1054,2035,404,,899.99,12,N
1797,5/4/2025,1065,2075,401,,3903.2,6,N
1798,5/4/2025,1136,2047,401,,267.98,1,N
1799,5/4/2025,1139,2054,404,,3241.84,10,N
1800,5/4/2025,1071,2018,403,,0,6,N
1801,5/4/2025,1183,2047,403,,1004.94,1,N
1802,5/4/2025,1165,2077,401,,1685.49,6,N
1803,5/4/2025,1176,2085,402,,581.16,10,N
1804,5/4/2025,1141,2049,403,,1503.74,8,N
1805,5/4/2025,1175,2015,402,,674.97,11,N
1806,5/4/2025,1099,2001,404,,0,2,N
1807,5/4/2025,1077,2011,402,,655.58,2,N
1808,5/4/2025,1053,2020,404,,601.33,12,N
1809,5/4/2025,1196,2082,404,,533.2,4,N
1810,5/4/2025,1070,2010,404,,311.36,11,N
1811,5/4/2025,1188,2052,403,,2925.04,3,N
1812,5/4/2025,1025,2020,403,,375.83,4,Y
1813,5/4/2025,1090,2053,403,,1830.45,12,N
1814,5/4/2025,1177,2003,401,,346.66,7,N
1815,5/4/2025,1161,2056,402,,1049.44,11,N
1816,5/4/2025,1102,2025,403,,0,1,N
1817,5/4/2025,1147,2010,401,,70.06,6,N
1818,5/4/2025,1063,2066,402,,516.06,3,Y
1819,5/4/2025,1081,2057,404,,786.56,11,N
1820,5/4/2025,1066,2022,403,,536.94,10,N
1821,5/4/2025,1050,2010,404,,62.27,7,N
1822,5/4/2025,1046,2050,404,,336.2,10,N
1823,5/4/2025,1005,2002,402,,3464,2,N
1824,5/4/2025,1118,2025,403,,0,2,N
1825,5/4/2025,1012,2051,404,,93.86,4,N
1826,5/4/2025,1038,2011,403,,1475.06,1,Y
1827,5/4/2025,1145,2015,401,,2024.91,3,N
1828,5/4/2025,1197,2058,404,,666.75,9,N
1829,5/4/2025,1057,2091,402,,815.21,7,N
1830,5/4/2025,1005,2034,403,,544.68,7,N
1831,5/4/2025,1097,2016,404,,290.72,11,N
1832,5/4/2025,1153,2027,403,,698.25,4,Y
1833,5/4/2025,1107,2023,404,,2536.76,2,N
1834,5/4/2025,1007,2037,403,,648.25,4,N
1835,5/4/2025,1158,2057,402,,699.17,6,N
1836,5/4/2025,1149,2087,404,,637.28,11,Y
1837,5/4/2025,1002,2060,402,,326.7,11,Y
1838,5/4/2025,1177,2050,402,,186.78,3,N
1839,5/4/2025,1181,2054,403,,1801.02,1,N
1840,5/4/2025,1024,2071,401,,615.16,12,Y
1841,5/4/2025,1085,2030,404,,407.93,8,N
1842,5/4/2025,1155,2085,401,,726.45,12,N
1843,5/4/2025,1064,2064,404,,940.93,5,Y
1844,5/4/2025,1101,2085,403,,217.94,5,N
1845,5/4/2025,1143,2005,402,,343.02,11,N
1846,5/4/2025,1043,2064,404,,235.23,4,N
1847,5/4/2025,1119,2016,401,,258.42,6,N
1848,5/4/2025,1181,2067,404,,523.71,3,N
1849,5/4/2025,1066,2014,403,,0,9,N
1850,5/4/2025,1032,2063,403,,441.97,5,N
1851,5/4/2025,1110,2036,403,,348.77,3,N
1852,5/4/2025,1132,2040,404,,124.34,11,Y
1853,5/4/2025,1080,2094,404,,0,1,N
1854,5/4/2025,1142,2084,404,,0,10,N
1855,5/4/2025,1048,2019,401,,840.54,12,N
1856,5/4/2025,1046,2004,404,,741.8,6,N
1857,5/4/2025,1041,2090,404,,358.2,2,N
1858,5/4/2025,1029,2063,401,,1657.38,3,Y
1859,5/4/2025,1091,2090,404,,214.92,1,N
1860,5/4/2025,1126,2014,402,,492.6,9,N
1861,5/4/2025,1089,2011,402,,1638.96,8,Y
1862,5/4/2025,1046,2021,403,,2255.61,12,N
1863,5/4/2025,1149,2000,402,,4846.55,2,N
1864,5/4/2025,1019,2031,404,,1695.9,12,N
1865,5/4/2025,1084,2003,403,,0,11,N
1866,5/4/2025,1100,2047,401,,803.95,8,N
1867,5/4/2025,1039,2003,401,,1155.54,12,Y
1868,5/4/2025,1181,2084,404,,1127.4,9,N
1869,5/4/2025,1160,2034,401,,326.81,1,N
1870,5/4/2025,1011,2083,404,,614.53,5,Y
1871,5/4/2025,1187,2093,402,,680.35,8,N
1872,5/4/2025,1012,2082,403,,853.12,11,N
1873,5/4/2025,1014,2095,401,,0,2,N
1874,5/4/2025,1023,2051,403,,211.18,4,N
1875,5/4/2025,1061,2098,404,,2723.58,7,N
1876,5/4/2025,1005,2026,402,,211.56,3,N
1877,5/4/2025,1199,2051,403,,0,12,N
1878,5/4/2025,1030,2038,404,,3706.04,5,N
1879,5/4/2025,1188,2039,402,,1562.3,8,Y
1880,5/4/2025,1170,2012,403,,560.87,12,N
1881,5/4/2025,1125,2057,404,,1310.94,10,N
1882,5/4/2025,1068,2072,404,,420.3,3,N
1883,5/4/2025,1193,2054,403,,0,4,N
1884,5/4/2025,1111,2080,404,,1664.52,9,N
1885,5/4/2025,1010,2065,403,,0,7,N
1886,5/4/2025,1173,2028,402,,2551.76,1,N
1887,5/4/2025,1134,2080,401,,1331.62,12,N
1888,5/4/2025,1119,2055,401,,269.7,4,N
1889,5/4/2025,1076,2019,402,,747.14,4,N
1890,5/4/2025,1063,2066,404,,0,9,N
1891,5/4/2025,1145,2006,401,,0,6,N
1892,5/4/2025,1131,2013,404,,4676.8,9,N
1893,5/4/2025,1024,2059,403,,0,12,N
1894,5/4/2025,1065,2074,401,,3297.5,6,N
1895,5/4/2025,1029,2094,404,,0,6,N
1896,5/4/2025,1046,2050,401,,560.34,5,N
1897,5/4/2025,1106,2090,403,,114.62,5,Y
1898,5/4/2025,1150,2092,404,,482.21,2,N
1899,5/4/2025,1159,2033,403,,752.62,8,N
1900,5/4/2025,1054,2023,401,,751.63,8,Y
1901,5/4/2025,1172,2013,404,,1870.72,11,Y
1902,5/4/2025,1001,2050,401,,560.34,1,N
1903,5/4/2025,1043,2083,404,,2304.48,8,Y
1904,5/4/2025,1177,2051,404,,281.57,5,Y
1905,5/4/2025,1158,2078,403,,568.04,2,N
1906,5/4/2025,1077,2011,402,,368.77,2,N
1907,5/4/2025,1003,2024,401,,248.54,6,N
1908,5/4/2025,1178,2024,401,,223.69,11,N
1909,5/4/2025,1123,2083,402,,1382.69,9,N
1910,5/4/2025,1111,2080,402,,3329.04,1,N
1911,5/4/2025,1077,2098,404,,817.07,12,N
1912,5/4/2025,1121,2054,401,,0,6,N
1913,5/4/2025,1042,2019,404,,933.93,9,N
1914,5/4/2025,1120,2002,404,,1558.8,8,N
1915,5/4/2025,1051,2037,404,,0,11,N
1916,5/4/2025,1085,2001,401,,412.35,6,Y
1917,5/4/2025,1106,2063,403,,0,3,N
1918,5/4/2025,1124,2051,404,,351.96,8,N
1919,5/4/2025,1059,2091,401,,1811.58,9,N
1920,5/4/2025,1108,2073,403,,1498.29,1,Y
1921,5/4/2025,1068,2082,404,,0,12,N
1922,5/4/2025,1029,2063,403,,3314.76,9,N
1923,5/4/2025,1178,2055,401,,242.73,6,N
1924,5/4/2025,1073,2092,402,,482.21,6,N
1925,5/4/2025,1088,2056,402,,1888.99,12,N
1926,5/4/2025,1150,2087,403,,477.96,4,N
1927,5/4/2025,1033,2037,404,,1440.56,1,N
1928,5/4/2025,1172,2083,403,,2304.48,10,Y
1929,5/4/2025,1041,2079,402,,2281.3,8,N
1930,5/4/2025,1176,2095,401,,1472.37,2,N
1931,5/4/2025,1033,2022,402,,1208.12,12,N
1932,5/4/2025,1155,2062,401,,1858.08,1,N
1933,5/4/2025,1126,2038,402,,1667.72,2,N
1934,5/4/2025,1142,2006,401,,0,1,N
1935,5/4/2025,1066,2045,402,,1123.7,1,N
1936,5/4/2025,1128,2004,401,,2967.2,9,N
1937,5/4/2025,1110,2014,402,,246.3,1,N
1938,5/4/2025,1143,2028,404,,1531.06,4,N
1939,5/4/2025,1087,2045,401,,0,10,Y
1940,5/4/2025,1038,2088,401,,1418.7,6,N
1941,5/4/2025,1112,2058,401,,0,7,N
1942,5/4/2025,1005,2078,401,,426.03,2,N
1943,5/4/2025,1129,2013,402,,1870.72,6,N
1944,5/4/2025,1052,2046,402,,26.74,7,N
1945,5/4/2025,1181,2056,404,,0,10,N
1946,5/4/2025,1039,2082,403,,0,10,N
1947,5/4/2025,1035,2015,402,,3374.85,2,Y
1948,5/4/2025,1106,2098,401,,1634.15,2,Y
1949,5/4/2025,1121,2043,403,,1572.21,10,N
1950,5/4/2025,1021,2034,403,,544.68,7,N
1951,5/4/2025,1092,2080,402,,3745.17,12,N
1952,5/4/2025,1192,2096,404,,1814.89,1,N
1953,5/4/2025,1035,2054,404,,0,8,N
1954,5/4/2025,1117,2066,403,,0,11,N
1955,5/4/2025,1113,2018,401,,1084.52,3,Y
1956,5/4/2025,1021,2043,403,,2620.35,11,N
1957,5/4/2025,1197,2021,404,,1670.82,6,N
1958,5/4/2025,1100,2097,401,,2273.67,9,Y
1959,5/4/2025,1147,2007,403,,0,6,N
1960,5/4/2025,1102,2087,403,,0,9,Y
1961,5/4/2025,1088,2001,403,,1113.34,7,Y
1962,5/4/2025,1179,2051,404,,211.18,9,N
1963,5/4/2025,1139,2079,404,,2281.3,2,Y
1964,5/4/2025,1005,2083,404,,691.34,12,N
1965,5/4/2025,1077,2010,401,,186.82,8,N
1966,5/4/2025,1099,2092,402,,1157.3,8,N
1967,5/4/2025,1054,2011,403,,327.79,2,N
1968,5/4/2025,1193,2081,402,,2238.66,12,N
1969,5/4/2025,1007,2069,403,,836.6,4,N
1970,5/4/2025,1198,2038,404,,1853.02,11,N
1971,5/4/2025,1187,2007,403,,466.71,7,Y
1972,5/4/2025,1160,2064,403,,1176.16,11,N
1973,5/4/2025,1012,2096,401,,672.18,4,Y
1974,5/4/2025,1076,2073,401,,499.43,4,N
1975,5/4/2025,1086,2030,402,,407.93,6,Y
1976,5/4/2025,1076,2036,402,,217.98,10,N
1977,5/4/2025,1133,2094,402,,1973.4,6,N
1978,5/4/2025,1083,2066,402,,1238.54,10,N
1979,5/4/2025,1116,2012,402,,0,3,N
1980,5/4/2025,1105,2010,401,,155.68,9,N
1981,5/4/2025,1108,2016,404,,872.15,12,Y
1982,5/4/2025,1114,2009,403,,198.93,10,N
1983,5/4/2025,1150,2071,404,,492.13,11,N
1984,5/4/2025,1149,2063,404,,2762.3,2,N
1985,5/4/2025,1176,2062,404,,557.42,6,N
1986,5/4/2025,1036,2064,402,,294.04,12,N
1987,5/4/2025,1182,2058,402,,0,7,N
1988,5/4/2025,1177,2027,404,,1034.44,12,N
1989,5/4/2025,1008,2095,402,,0,9,Y
1990,5/4/2025,1030,2077,404,,1123.66,3,Y
1991,5/4/2025,1030,2047,403,,334.98,10,Y
1992,5/4/2025,1133,2019,401,,747.14,3,N
1993,5/4/2025,1078,2047,403,,535.97,7,N
1994,5/4/2025,1124,2003,402,,1386.65,4,N
1995,5/4/2025,1005,2075,404,,3122.56,8,N
1996,5/4/2025,1078,2036,402,,588.55,7,N
1997,5/4/2025,1189,2062,401,,2477.44,5,N
1998,5/4/2025,1140,2044,401,,207.58,7,N
1999,5/4/2025,1106,2061,403,,599.76,3,Y
2000,5/4/2025,1086,2048,404,,321.87,12,Y
6,5/4/2025,1089,2028,401,,1275.88,2,N
